question,answerFormat,targetURL,existingPageFit,schema,cluster
Is it safe to swim at Bondi Beach?,short-answer+detail,/bondi-blog/2024/9/8/is-it-safe-to-swim-at-bondi-beach-a-complete-guide,yes,FAQPage+BlogPosting,safety
Do you have to swim between the flags at Bondi?,short-answer+detail,/bondi-blog/swimming-between-flags-bondi-beach,needs-edit,FAQPage+BlogPosting,safety
Where is the safest place to swim at Bondi Beach?,short-answer+detail,/bondi-blog/2023/11/7/the-safest-place-to-swim-at-bondi-beach,needs-edit,FAQPage+BlogPosting,safety
What do I do if I get caught in a rip current at Bondi?,steps,/bondi-blog/2024/9/8/is-it-safe-to-swim-at-bondi-beach-a-complete-guide,yes,FAQPage+HowTo,safety
Are there sharks at Bondi Beach?,short-answer+detail,/bondi-blog/2023/9/28/bondi-beach-and-the-shark-question-unraveling-the-mystery,yes,FAQPage+BlogPosting,safety
Are there snakes in Bondi?,short-answer+detail,/bondi-blog/2025/10/13/are-there-snakes-in-bondi,yes,FAQPage+BlogPosting,safety
Can you see dolphins at Bondi Beach?,short-answer+detail,/bondi-blog/2024/1/25/can-you-see-dolphins-at-bondi-beach,needs-edit,FAQPage+BlogPosting,wildlife
Is Bondi Beach water clean or polluted?,short-answer+detail,/bondi-blog/2024/1/20/is-bondi-beach-water-clean-or-polluted,needs-edit,FAQPage+BlogPosting,safety
Is Bondi Beach a safe suburb (crime rate)?,short-answer+detail,/bondi-blog/2024/1/21/is-bondi-beach-a-safe-area-crime-rate,needs-edit,FAQPage+BlogPosting,safety
Is theft a problem at Bondi Beach?,short-answer+detail,/bondi-blog/2025/1/5/are-there-thieves-or-pickpockets-at-bondi-beach,yes,FAQPage+BlogPosting,safety
Are there lifeguards at Bondi Beach all year?,short-answer+detail,/bondi-blog/is-bondi-beach-patrolled-by-lifeguards,needs-edit,FAQPage+BlogPosting,safety
What are the surf lifesaving patrol hours at Bondi?,short-answer+detail,/bondi-blog/2025/1/5/surf-lifesaving-patrol-hours-at-bondi-bronte-tamarama,needs-edit,FAQPage+BlogPosting,safety
Can anyone swim at Bondi Icebergs pool?,short-answer+detail,/bondi-blog/can-anyone-swim-at-bondi-icebergs-swimming-pool,yes,FAQPage+BlogPosting,icebergs
How much does it cost to swim at Bondi Icebergs?,short-answer+detail,/bondi-icebergs,needs-edit,FAQPage+Place,icebergs
Is the Bondi Icebergs pool heated?,definition,/bondi-blog/is-bondi-icebergs-pool-heated,yes,FAQPage+BlogPosting,icebergs
How long is the Bondi Icebergs pool?,definition,/bondi-blog/how-long-is-bondi-icebergs-poo,yes,FAQPage+BlogPosting,icebergs
Can kids swim at Bondi Icebergs?,short-answer+detail,/bondi-blog/2025/4/29/can-kids-swim-at-bondi-icebergs-family-swimming-guide,yes,FAQPage+BlogPosting,icebergs
What are the Bondi Icebergs opening hours?,short-answer+detail,/bondi-icebergs,needs-edit,FAQPage+Place,icebergs
How do I get to Bondi Beach from Sydney city?,list,/getting-to-bondi,needs-edit,FAQPage+Place,transport
What is the nearest train station to Bondi Beach?,definition,/bondi-blog/nearest-train-station-bondi-beach,needs-edit,FAQPage+BlogPosting,transport
How do I get from Sydney Airport to Bondi Beach?,table,/bondi-blog/getting-from-sydney-airport-to-bondi-beach,needs-edit,FAQPage+BlogPosting,transport
How far is Bondi Beach from Sydney CBD?,short-answer+detail,/bondi-blog/2025/1/2/how-far-is-bondi-beach-from-key-sydney-locations,yes,FAQPage+BlogPosting,transport
Where can I park at Bondi Beach?,table,/bondi-blog/2025/4/25/ultimate-bondi-beach-parking-guide-free-and-paid-options-for-busy-days,yes,FAQPage+BlogPosting,parking
Is there free parking at Bondi Beach?,short-answer+detail,/bondi-blog/2023/10/4/finding-free-parking-at-bondi-beach-made-easy,yes,FAQPage+BlogPosting,parking
Where can I park at Bronte / Tamarama / Coogee?,table,/bondi-blog/2025/6/4/tamarama-coogee-clovelly-beach-parking-ultimate-guide-to-free-paid-spots,yes,FAQPage+BlogPosting,parking
What is the best time to visit Bondi Beach?,short-answer+detail,/bondi-weather,needs-edit,FAQPage+Place,weather
What is the sea temperature at Bondi Beach by month?,table,/bondi-blog/2024/8/28/average-sea-temperatures-at-bondi-beach-month-by-month-guide,yes,FAQPage+BlogPosting,weather
What is the water temperature at Bondi today?,definition,/bondi-weather,needs-edit,FAQPage+Place,weather
When is sunrise and sunset at Bondi Beach?,table,/bondi-blog/sunrise-sunset-bondi,needs-edit,FAQPage+BlogPosting,weather
Does Bondi Beach ever close?,short-answer+detail,/bondi-blog/2025/1/20/does-bondi-beach-ever-close,yes,FAQPage+BlogPosting,practical
Does Bondi Beach get busy / crowded?,short-answer+detail,/bondi-blog/2023/8/8/does-bondi-beach-get-busy,yes,FAQPage+BlogPosting,practical
Are there public toilets and showers at Bondi Beach?,short-answer+detail,/bondi-blog/bondi-beach-toilets-showers-change-rooms,needs-edit,FAQPage+BlogPosting,practical
Is Bondi Beach wheelchair accessible?,short-answer+detail,/bondi-blog/2025/1/5/exploring-bondi-beach-a-guide-to-wheelchair-access,yes,FAQPage+BlogPosting,accessibility
Can you fly a drone at Bondi Beach?,short-answer+detail,/bondi-blog/2023/9/11/can-you-fly-a-drone-at-bondi-beach-the-dos-and-donts-of-aerial-photography,yes,FAQPage+BlogPosting,practical
Can you have a BBQ at Bondi Beach?,list,/bondi-blog/2025/1/20/locals-guide-to-free-bbq-spots-at-bondi-bronte-tamarama,yes,FAQPage+BlogPosting,practical
What are the rules / etiquette at Bondi Beach?,list,/bondi-blog/2023/10/18/bondi-beach-etiquette-guide,yes,FAQPage+BlogPosting,practical
Can you drink alcohol on Bondi Beach?,short-answer+detail,/bondi-blog/2023/10/18/bondi-beach-etiquette-guide,needs-edit,FAQPage+BlogPosting,practical
How do you pronounce Bondi?,definition,/bondi-blog/how-to-pronounce-bondi-beach,yes,FAQPage+BlogPosting,orientation
Is Bondi Junction the same as Bondi Beach?,short-answer+detail,/bondi-blog/2024/9/20/is-bondi-junction-the-same-as-bondi-beach,yes,FAQPage+BlogPosting,orientation
Why is Bondi Beach so famous?,short-answer+detail,/bondi-blog/2024/9/12/why-bondi-beach-is-so-famous-history-fame-and-culture,yes,FAQPage+BlogPosting,orientation
Should I visit Bondi or Manly?,table,/bondi-blog/bondi-or-manly-travel-guide,needs-edit,FAQPage+BlogPosting,comparison
What are the best things to do in Bondi?,list,/things-to-do-in-bondi,needs-edit,FAQPage+Place,things-to-do
What are the best free things to do in Bondi?,list,/things-to-do-in-bondi,needs-edit,FAQPage+Place,things-to-do
How long is the Bondi to Bronte coastal walk?,short-answer+detail,/bondi-blog/2023/9/21/walking-on-sunshine-the-ultimate-guide-to-the-bondi-to-bronte-coastal-walk,yes,FAQPage+BlogPosting,coastal-walk
How long does the Bondi to Coogee walk take?,short-answer+detail,/bondi-coastal-walk,needs-edit,FAQPage+Place,coastal-walk
Where can I surf at Bondi and can I take lessons?,short-answer+detail,/bondi-blog/bondi-beach-surf-guide,needs-edit,FAQPage+BlogPosting,things-to-do
Where can I snorkel around Bondi?,list,/bondi-blog/2025/1/10/the-best-places-to-snorkel-in-and-around-bondi,yes,FAQPage+BlogPosting,things-to-do
Can you see whales at Bondi Beach and when?,short-answer+detail,/bondi-blog/2025/4/27/whale-watching-season-at-bondi-2025-everything-you-need-to-know,needs-edit,FAQPage+BlogPosting,wildlife
What are the best cafes in Bondi?,list,/bondi-blog/2025/4/27/top-10-bondi-cafs-in-2025-best-coffee-brunch-by-the-beach,yes,FAQPage+BlogPosting,eat-drink
What are the best restaurants in Bondi Beach?,list,/bondi-blog/2025/4/25/must-experience-bondi-restaurants-our-top-10-best-restaurants-ranked,yes,ItemList+BlogPosting,eat-drink
How do I get a booking at Totti's Bondi?,steps,/bondi-blog/2025/4/27/how-to-score-a-booking-at-tottis-bondi-without-the-stress,yes,FAQPage+HowTo,eat-drink
Where can I watch live sport / EPL football in Bondi?,list,/bondi-blog/where-to-watch-sport-in-bondi,needs-edit,FAQPage+BlogPosting,eat-drink
What are the best wine bars in Bondi?,list,/bondi-blog/best-wine-bars-in-bondi,needs-edit,ItemList+BlogPosting,eat-drink
Where are the best cheap eats in Bondi?,list,/bondi-blog/bondi-beach-cheap-food,needs-edit,FAQPage+BlogPosting,eat-drink
Where should I stay in Bondi Beach?,list,/stay,needs-edit,FAQPage+ItemList,accommodation
Are there hostels for backpackers in Bondi?,list,/stay/hostels-bondi-beach,needs-edit,FAQPage+ItemList,accommodation
Is Airbnb / short-term rental legal in Bondi?,short-answer+detail,/bondi-blog/are-airbnb-legal-in-sydney-bondi,needs-edit,FAQPage+BlogPosting,accommodation
Is Bondi Beach good for kids / families?,short-answer+detail,/bondi-with-kids,needs-edit,FAQPage+Place,family
What are the best playgrounds near Bondi?,list,/bondi-blog/2024/9/23/locals-guide-to-the-best-kids-playgrounds-around-bondi,yes,FAQPage+BlogPosting,family
What is there to do in Bondi on a rainy day?,list,/bondi-blog/2025/5/23/rain-or-shine-7-must-do-indoor-activities-in-bondi-beach-on-a-rainy-day,yes,FAQPage+BlogPosting,things-to-do
Who are the Bondi Rescue lifeguards?,list,/bondi-blog/bondi-rescue-who-are-the-lifeguards,yes,FAQPage+BlogPosting,bondi-rescue
Is Bondi Rescue real / still filming?,short-answer+detail,/bondi-rescue,needs-edit,FAQPage+Place,bondi-rescue
What is the City2Surf and how long is it?,short-answer+detail,/bondi-blog/ultimate-guide-city-to-surf,yes,FAQPage+BlogPosting,city2surf
How do I train for Heartbreak Hill / City2Surf?,steps,/bondi-blog/2025/6/18/how-to-train-for-heartbreak-hill-without-being-a-fitness-freak,yes,FAQPage+HowTo,city2surf
When is Sculpture by the Sea at Bondi?,short-answer+detail,/bondi-blog/2023/9/21/sculptures-by-the-sea-at-bondi-a-comprehensive-guide-to-art-by-the-ocean,needs-edit,FAQPage+Event,events
What happens at Bondi on New Year's Eve?,short-answer+detail,/bondi-blog/2023/12/24/insiders-guide-to-new-years-eve-at-bondi-beach,needs-edit,FAQPage+Event,events
What is on at Bondi on Christmas Day?,short-answer+detail,/bondi-blog/2023/12/13/christmas-day-at-bondi-beach,needs-edit,FAQPage+Event,events
When are the Bondi Sunday markets?,short-answer+detail,/bondi-blog/2023/9/4/bond-market-sunday-guide,needs-edit,FAQPage+BlogPosting,events
Can you jump off the cliff at Bronte Beach?,short-answer+detail,/bondi-blog/2024/12/26/can-you-jump-from-the-cliff-at-bronte-beach,yes,FAQPage+BlogPosting,safety
Can you go metal detecting at Bondi Beach?,short-answer+detail,/bondi-blog/2024/9/18/guide-to-metal-detecting-at-bondi-beach,yes,FAQPage+BlogPosting,practical
Where is the best place to watch the sunrise at Bondi?,list,/bondi-blog/sunrise-sunset-bondi,needs-edit,FAQPage+BlogPosting,weather
What is Mackenzies Bay (the secret beach)?,short-answer+detail,/mackenzies-bay,needs-edit,FAQPage+Place,orientation
Where is the best spot to sit on Bondi Beach?,short-answer+detail,/bondi-blog/2025/1/5/the-best-places-to-sit-on-bondi-beach-a-complete-guide,yes,FAQPage+BlogPosting,practical
