path,contentType,section,indexable,status,wordCount,ytdPageviews,impressions,clicks,jsonLdTypes,title
/bondi-blog,blog-index,blog,no,200,645,0,1,0,WebSite,Bondi Beach Local's Guide — Visit Bondi Beach
/bondi-blog/2026/3/24/bondis-best-cafs-right-now-where-to-eat-sip-and-soak-up-the-beach-vibe,blog-post-dated,blog,no,200,225,0,3,0,WebSite|Article,"Bondi’s Best Cafés Right Now: Where to Eat, Sip and Soak Up the Beach Vibe — Visit Bondi Beach"
/bondi-blog/2026/2/21/the-ultimate-bondi-beach-travel-guide-2026-edition,blog-post-dated,blog,yes,200,582,0,2,0,WebSite|Article,The Ultimate Bondi Beach Travel Guide (2026 Edition) — Visit Bondi Beach
/bondi-blog/2025/12/19/the-inside-story-on-the-bondi-lifeguards-who-ran-toward-danger,blog-post-dated,blog,yes,200,284,0,1,0,WebSite|Article,The Inside Story On The Bondi Lifeguards Who Ran Toward Danger — Visit Bondi Beach
/bondi-blog/2025/10/15/sculpture-by-the-seareturns-to-bondi-and-tamarama-what-you-need-to-know-in-2025,blog-post-dated,blog,yes,200,362,0,0,0,WebSite|Article,Sculpture by the SeaReturns to Bondi and Tamarama: What You Need to Know in 2025 — Visit Bondi Beach
/bondi-blog/2025/10/13/are-there-snakes-in-bondi,blog-post-dated,blog,yes,200,417,0,1,0,WebSite|Article,Are There Snakes in Bondi? — Visit Bondi Beach
/bondi-blog/2025/8/24/the-tcs-sydney-marathon-a-beginners-guide,blog-post-dated,blog,yes,200,542,0,1,0,WebSite|Article,The TCS Sydney Marathon: A  Beginner’s Guide — Visit Bondi Beach
/bondi-blog/2025/8/9/the-best-places-to-carb-load-before-the-sydney-marathon,blog-post-dated,blog,yes,200,950,0,3,1,WebSite|Article,The Best Places to Carb Load Before the Sydney Marathon — Visit Bondi Beach
/bondi-blog/2025/8/9/family-fun-in-bondi-during-sydney-marathon-week,blog-post-dated,blog,yes,200,1016,0,0,0,WebSite|Article,Family Fun in Bondi During Sydney Marathon Week — Visit Bondi Beach
/bondi-blog/2025/8/9/bondi-beach-shakeout-run-the-perfect-pre-marathon-jog,blog-post-dated,blog,yes,200,519,0,1,0,WebSite|Article,Bondi Beach Shakeout Run: The Perfect Pre-Marathon Jog — Visit Bondi Beach
/bondi-blog/2025/8/9/the-ultimate-bondi-beach-recovery-guide-for-sydney-marathon-runners,blog-post-dated,blog,yes,200,414,0,0,0,WebSite|Article,The Ultimate Bondi Beach Recovery Guide for Sydney Marathon Runners — Visit Bondi Beach
/bondi-blog/2025/7/19/insider-guide-to-sundays-bondi-opening-hours-top-flavours-queue-hacks,blog-post-dated,blog,yes,200,624,353,24,1,WebSite|Article,"Sundays Bondi: What to Order, Hours & Queue Tips"
/bondi-blog/2025/6/26/ranked-bondis-top-10-coffee-spots-you-cant-miss,blog-post-dated,blog,no,200,834,0,2,0,WebSite|Article,Ranked: Bondi’s Top 10 Coffee Spots You Can’t Miss — Visit Bondi Beach
/bondi-blog/2025/6/23/bondi-to-bronte-swim-the-ultimate-beginners-guide-to-sydneys-most-iconic-ocean-race,blog-post-dated,blog,yes,200,540,0,3,0,WebSite|Article,Bondi to Bronte Swim: The Ultimate Beginner’s Guide to Sydney’s Most Iconic Ocean Race — Visit Bondi Beach
/bondi-blog/2025/6/21/bronte-beach-backpackers-christmas-2025-ultimate-guide-for-the-orphans-christmas-celebration,blog-post-dated,blog,yes,200,424,0,1,0,WebSite|Article,Bronte Beach Backpackers’ Christmas 2025: Ultimate Guide for the Orphan’s Christmas Celebration — Visit Bondi Beach
/bondi-blog/2025/6/18/how-to-train-for-heartbreak-hill-without-being-a-fitness-freak,blog-post-dated,blog,yes,200,806,0,58,0,WebSite|Article,How to Train for Heartbreak Hill (City2Surf)
/bondi-blog/2025/6/14/25-essential-hacks-for-starting-a-new-life-in-australia-the-ultimate-aussie-arrival-guide,blog-post-dated,blog,yes,200,826,0,0,0,WebSite|Article,25 Essential Hacks for Starting a New Life in Australia: The Ultimate Aussie Arrival Guide — Visit Bondi Beach
/bondi-blog/2025/6/4/tamarama-coogee-clovelly-beach-parking-ultimate-guide-to-free-paid-spots,blog-post-dated,blog,yes,200,938,448,48,0,WebSite|Article,"Tamarama, Coogee & Clovelly Parking Guide"
/bondi-blog/2025/6/4/sydney-airport-taxi-scams-how-to-spot-avoid-costly-rip-offs-for-a-hassle-free-arrival,blog-post-dated,blog,yes,200,1370,0,3,0,WebSite|Article,Sydney Airport Taxi Scams: How to Spot & Avoid Costly Rip-Offs for a Hassle-Free Arrival — Visit Bondi Beach
/bondi-blog/2025/5/25/where-to-watch-english-football-in-bondi-the-best-pubs-and-bars-for-premier-league-fans,blog-post-dated,blog,yes,200,484,0,3,0,WebSite|Article,Where to Watch English Football in Bondi: The Best Pubs and Bars for Premier League Fans — Visit Bondi Beach
/bondi-blog/2025/5/25/secret-eats-off-menu-items-you-didnt-know-you-could-order-in-bondi-beach,blog-post-dated,blog,yes,200,641,0,0,0,WebSite|Article,Bondi Secret Eats: Off-Menu Items You Didn’t Know You Could Order in Bondi Beach — Visit Bondi Beach
/bondi-blog/2025/5/25/10-hidden-gems-at-bondi-beach-youll-wish-you-discovered-sooner,blog-post-dated,blog,yes,200,596,0,2,0,WebSite|Article,10 Hidden Gems at Bondi Beach You’ll Wish You Discovered Sooner — Visit Bondi Beach
/bondi-blog/2024/1/19/bondis-best-coffee-shops,blog-post-dated,blog,no,200,861,0,0,0,WebSite|Article,10 Must-Try Bondi Beach Cafes for Coffee Lovers — Visit Bondi Beach
/bondi-blog/2025/5/23/rain-or-shine-7-must-do-indoor-activities-in-bondi-beach-on-a-rainy-day,blog-post-dated,blog,yes,200,784,90,0,0,WebSite|Article,Rain or Shine: 7 Must-Do Indoor Activities in Bondi Beach on a Rainy Day — Visit Bondi Beach
/bondi-blog/2025/5/6/kids-eat-free-in-sydneys-eastern-suburbs-12-family-friendly-dining-deals,blog-post-dated,blog,yes,200,428,257,5,1,WebSite|Article,Kids Eat Free: 12 Eastern Suburbs Deals
/bondi-blog/2025/5/6/10-things-you-need-to-know-before-running-the-city2surf,blog-post-dated,blog,yes,200,971,0,62,1,WebSite|Article,10 Things You Need to Know Before Running the City2Surf — Visit Bondi Beach
/bondi-blog/2025/4/30/bondi-icebergs-ocean-pool-faq-20-essential-questions-answered-hours-fees-membership-more,blog-post-dated,blog,yes,200,563,841,25,0,WebSite|Article,Bondi Icebergs FAQ: 20 Questions Answered
/bondi-blog/2025/4/30/ultimate-bondi-beach-travel-guide-how-to-get-there-when-to-visit-top-things-to-do,blog-post-dated,blog,yes,200,662,0,0,0,WebSite|Article,"Ultimate Bondi Beach Travel Guide: How to Get There, When to Visit & Top Things to Do — Visit Bondi Beach"
/bondi-blog/2025/4/29/ultimate-wet-weather-guide-to-bondi-rainy-day-activities-tips,blog-post-dated,blog,no,200,680,0,0,0,WebSite|Article,Ultimate Wet Weather Guide to Bondi. Rainy Day Activities & Tips — Visit Bondi Beach
/bondi-blog/2025/4/29/can-kids-swim-at-bondi-icebergs-family-swimming-guide,blog-post-dated,blog,yes,200,421,0,6,1,WebSite|Article,Can Kids Swim at Bondi Icebergs? Family Swimming Guide — Visit Bondi Beach
/bondi-blog/2025/4/29/behind-the-scenes-at-bondi-rescue-20-things-you-may-not-know-about-the-show,blog-post-dated,blog,no,200,442,0,1,0,WebSite|Article,Bondi Rescue: 20 Behind-the-Scenes Facts
/bondi-blog/2025/4/27/top-10-bondi-cafs-in-2025-best-coffee-brunch-by-the-beach,blog-post-dated,blog,yes,200,776,142,2,0,WebSite|Article,The Best Cafés in Bondi Beach (2026): Coffee & Brunch by the Sand
/bondi-blog/2025/4/27/how-to-score-a-booking-at-tottis-bondi-without-the-stress,blog-post-dated,blog,yes,200,448,0,21,0,WebSite|Article,How to Get a Booking at Totti's Bondi
/bondi-blog/2025/4/27/whale-watching-season-at-bondi-2025-everything-you-need-to-know,blog-post-dated,blog,yes,200,412,0,3,0,WebSite|Article,Whale Watching Season At Bondi 2025: Everything You Need To Know — Visit Bondi Beach
/bondi-blog/2025/4/25/10-must-try-bondi-beach-bars-backed-in-2025,blog-post-dated,blog,yes,200,980,120,5,0,WebSite|Article,10 Must-Try Bondi Beach Bars
/bondi-blog/2025/4/25/must-experience-bondi-restaurants-our-top-10-best-restaurants-ranked,blog-post-dated,blog,no,200,1118,134,0,0,WebSite|Article,The Best Restaurants in Bondi Beach (2026): Where I’d Book
/bondi-blog/2025/4/25/ultimate-bondi-beach-parking-guide-free-and-paid-options-for-busy-days,blog-post-dated,blog,yes,200,548,415,15,0,WebSite|Article,"Bondi Beach Parking: Every Car Park, Prices & Free Options"
/bondi-blog/2025/4/25/9-unique-bondi-beach-experiences-to-try-beyond-the-sand-and-surf,blog-post-dated,blog,yes,200,498,0,0,0,WebSite|Article,9 Unique Bondi Beach Experiences to Try Beyond the Sand and Surf — Visit Bondi Beach
/bondi-blog/2025/4/23/8-things-to-know-before-visiting-bondi-beach,blog-post-dated,blog,yes,200,421,0,0,0,WebSite|Article,8 Things to Know Before Visiting Bondi Beach — Visit Bondi Beach
/bondi-blog/2025/4/15/your-complete-guide-to-christmas-day-at-bronte-beach-sydney-december-25-2025,blog-post-dated,blog,yes,200,525,0,0,0,WebSite|Article,"Your Complete Guide to Christmas Day at Bronte Beach, Sydney – December 25, 2025 — Visit Bondi Beach"
/bondi-blog/2025/4/2/bondi-icebergs-closed-due-to-destructive-waves,blog-post-dated,blog,yes,200,195,0,1,0,WebSite|Article,Bondi Icebergs Closed Until April 18 (2025) — Visit Bondi Beach
/bondi-blog/2023/4/1/l0k8f8ky8s4yf6dxrl7mo9r4s25vx7,blog-post-dated,blog,yes,200,291,0,6,0,WebSite|Article,What is the difference between Bondi Beach and Bondi Junction? A guide. — Visit Bondi Beach
/bondi-blog/2024/4/1/city2surf-course-map,blog-post-dated,blog,yes,200,55,300,135,5,WebSite|Article,City2Surf Course Map & Route Guide
/bondi-blog/where-to-go-afterparty-city-to-surf,blog-post-legacy,blog,yes,200,578,278,129,4,WebSite|Article,The Ultimate City2Surf Afterparty Guide
/bondi-blog/ultimate-guide-city-to-surf,blog-post-legacy,blog,yes,200,1531,451,451,9,WebSite|Article,City2Surf: The Ultimate Runner's Guide
/bondi-blog/2025/3/21/bondi-beach-new-years-eve-festival-returns-council-approves-iconic-celebrations-revival,blog-post-dated,blog,yes,200,578,0,0,0,WebSite|Article,Bondi Beach New Year’s Eve Festival Returns: Council Approves Iconic Celebration’s Revival — Visit Bondi Beach
/bondi-blog/2025/3/8/best-time-to-visit-bondi-beach-seasonal-guide-to-weather-events,blog-post-dated,blog,no,200,547,0,4,0,WebSite|Article,Best Time to Visit Bondi Beach: Seasonal Guide to Weather & Events — Visit Bondi Beach
/bondi-blog/2025/3/8/the-ultimate-bondi-beach-travel-guide-must-see-spots-hidden-gems,blog-post-dated,blog,yes,200,446,0,3,0,WebSite|Article,The Ultimate Bondi Beach Travel Guide: Must-See Spots & Hidden Gems — Visit Bondi Beach
/bondi-blog/2024/12/26/australias-best-christmas-party-at-sydneys-bronte-beach,blog-post-dated,blog,yes,200,864,0,0,0,WebSite|Article,Australia’s Best Christmas Party At Sydney’s Bronte Beach — Visit Bondi Beach
/bondi-blog/2025/1/20/does-bondi-beach-ever-close,blog-post-dated,blog,yes,200,302,0,0,0,WebSite|Article,Does Bondi Beach ever close? — Visit Bondi Beach
/bondi-blog/2025/1/20/locals-guide-to-free-bbq-spots-at-bondi-bronte-tamarama,blog-post-dated,blog,yes,200,494,129,9,0,WebSite|Article,"Free BBQ Spots at Bondi, Bronte & Tamarama"
/bondi-blog/2025/1/5/the-best-places-to-sit-on-bondi-beach-a-complete-guide,blog-post-dated,blog,yes,200,671,0,0,0,WebSite|Article,The Best Places to Sit on Bondi Beach: A Complete Guide — Visit Bondi Beach
/bondi-blog/2025/1/5/who-can-swim-at-bondi-icebergs-ocean-pool,blog-post-dated,blog,yes,200,520,0,2,0,WebSite|Article,Who Can Swim at Bondi Icebergs Ocean Pool? — Visit Bondi Beach
/bondi-blog/2025/1/12/the-20-most-dramatic-moments-on-bondi-rescue,blog-post-dated,blog,yes,200,886,247,11,1,WebSite|Article,The 20 Most Dramatic Bondi Rescue Moments
/bondi-blog/2025/1/10/the-best-places-to-snorkel-in-and-around-bondi,blog-post-dated,blog,yes,200,1155,0,2,0,WebSite|Article,The Best Places to Snorkel In and Around Bondi — Visit Bondi Beach
/bondi-blog/2025/1/5/understanding-bondi-beach-safety-signs,blog-post-dated,blog,yes,200,238,0,1,0,WebSite|Article,Understanding Bondi Beach Safety Signs — Visit Bondi Beach
/bondi-blog/2025/1/7/top-things-to-do-in-bondi-for-kids-during-school-holidays,blog-post-dated,blog,yes,200,849,0,0,0,WebSite|Article,Top Things to Do in Bondi for Kids During School Holidays — Visit Bondi Beach
/bondi-blog/2025/1/5/exploring-bondi-beach-a-guide-to-wheelchair-access,blog-post-dated,blog,yes,200,201,0,1,0,WebSite|Article,Bondi Beach Accessibility & Wheelchair Guide
/bondi-blog/2025/1/5/are-there-thieves-or-pickpockets-at-bondi-beach,blog-post-dated,blog,yes,200,952,0,10,0,WebSite|Article,Theft at Bondi Beach: Keeping Your Stuff Safe
/bondi-blog/2025/1/5/surf-lifesaving-patrol-hours-at-bondi-bronte-tamarama,blog-post-dated,blog,yes,200,480,0,1,0,WebSite|Article,"Surf Lifesaving Patrol Hours At Bondi, Bronte, Tamarama — Visit Bondi Beach"
/bondi-blog/2025/1/5/catch-the-waves-live-bondi-beach-surf-cam,blog-post-dated,blog,yes,200,171,144,15,0,WebSite|Article,Bondi Beach Surf Cam (Live)
/bondi-blog/2025/1/4/nielsen-park-your-guide-to-sydneys-beloved-coastal-escape,blog-post-dated,blog,yes,200,801,0,5,0,WebSite|Article,Nielsen Park: A Local's Guide
/bondi-blog/2025/1/2/how-far-is-bondi-beach-from-key-sydney-locations,blog-post-dated,blog,yes,200,308,0,20,0,WebSite|Article,How Far Is Bondi Beach From Key Sydney Spots?
/bondi-blog/2024/3/19/bondis-best-running-routes,blog-post-dated,blog,yes,200,465,461,8,0,WebSite|Article,Bondi's Best Running Routes
/bondi-blog/2025/1/1/top-50-activities-to-do-in-sydney-a-locals-guide,blog-post-dated,blog,yes,200,964,0,0,0,WebSite|Article,Top 50 Activities to Do in Sydney: A Local’s Guide — Visit Bondi Beach
/bondi-blog/2025/1/1/locals-guide-to-sydneys-20-best-hidden-beaches,blog-post-dated,blog,yes,200,797,0,3,0,WebSite|Article,Local’s Guide To Sydney’s 20 Best Hidden Beaches — Visit Bondi Beach
/bondi-blog/2023/12/13/celebrating-new-years-day-with-a-dutch-twist-at-bondi-beach,blog-post-dated,blog,yes,200,339,0,0,0,WebSite|Article,Celebrating New Year’s Day with a Dutch Twist at Bondi Beach   — Visit Bondi Beach
/bondi-blog/2024/12/26/can-you-jump-from-the-cliff-at-bronte-beach,blog-post-dated,blog,yes,200,97,0,0,0,WebSite|Article,Can You Jump from the Cliff at Bronte Beach? — Visit Bondi Beach
/bondi-blog/2024/12/13/moving-to-bondi-your-complete-guide-to-life-by-the-beach,blog-post-dated,blog,yes,200,776,0,2,0,WebSite|Article,Moving to Bondi: Your Complete Guide to Life by the Beach — Visit Bondi Beach
/bondi-blog/2024/12/13/bondi-beach-travel-guide-50-frequently-asked-questions-for-first-time-visitors,blog-post-dated,blog,yes,200,2166,0,1,0,WebSite|Article,Bondi Beach Travel Guide: 50 Frequently Asked Questions for First-Time Visitors — Visit Bondi Beach
/bondi-blog/2024/12/1/ranked-20-most-dramatic-bondi-rescue-rescues,blog-post-dated,blog,no,200,648,0,1,0,WebSite|Article,Ranked: 20 most dramatic Bondi Rescue rescues — Visit Bondi Beach
/bondi-blog/2024/12/1/a-festive-guide-best-streets-in-and-around-bondi-to-see-christmas-lights,blog-post-dated,blog,yes,200,591,0,0,0,WebSite|Article,A Festive Guide: Best Bondi & Eastern Suburbs Christmas Lights   — Visit Bondi Beach
/bondi-blog/2023/12/13/christmas-day-at-bondi-beach,blog-post-dated,blog,yes,200,629,108,11,0,WebSite|Article,Christmas Day at Bondi Beach: What to Know
/bondi-blog/2023/12/26/celebrating-christmas-day-at-bronte-beach-australias-biggest-christmas-party,blog-post-dated,blog,yes,200,420,0,2,0,WebSite|Article,Celebrating Christmas Day at Bronte Beach: Australia’s Biggest Christmas Party — Visit Bondi Beach
/bondi-blog/2024/10/17/sydney-beaches-closed-as-mystery-tar-balls-reach-bondi-beach,blog-post-dated,blog,yes,200,356,0,0,0,WebSite|Article,Sydney Beaches Reopened After Mystery Tar Balls Reach Bondi Beach — Visit Bondi Beach
/bondi-blog/2024/10/9/best-bondi-beach-tours-for-sydney-visitors,blog-post-dated,blog,yes,200,390,0,0,0,WebSite|Article,Best Bondi Beach Tours For Sydney Visitors — Visit Bondi Beach
/bondi-blog/2024/10/1/the-great-bondi-crumbl-cookie-scam,blog-post-dated,blog,yes,200,226,0,1,0,WebSite|Article,The great Bondi Crumbl cookie scam — Visit Bondi Beach
/bondi-blog/2024/9/21/can-the-public-swim-at-bondi-icebergs-ocean-pool,blog-post-dated,blog,yes,200,884,0,9,0,WebSite|Article,Can the Public Swim at Bondi Icebergs?
/bondi-blog/2023/11/17/tee-off-with-a-view-discover-bondi-golf-diggers-club,blog-post-dated,blog,yes,200,404,0,0,0,WebSite|Article,Tee Off with a View: Discover Bondi Golf & Diggers Club — Visit Bondi Beach
/bondi-blog/2024/9/23/locals-guide-to-the-best-kids-playgrounds-around-bondi,blog-post-dated,blog,yes,200,1012,0,0,0,WebSite|Article,Local’s Guide To The Best Kids Playgrounds Around Bondi — Visit Bondi Beach
/bondi-blog/2024/9/21/locals-guide-to-bondi-beachs-best-ice-cream,blog-post-dated,blog,no,200,483,0,0,0,WebSite|Article,Local’s guide to Bondi Beach’s best ice cream — Visit Bondi Beach
/bondi-blog/2024/9/21/the-bondi-hum-real-or-hoax,blog-post-dated,blog,yes,200,278,0,0,0,WebSite|Article,The Bondi Hum: Real or Hoax? — Visit Bondi Beach
/bondi-blog/2024/9/20/is-bondi-junction-the-same-as-bondi-beach,blog-post-dated,blog,yes,200,874,0,9,0,WebSite|Article,Is Bondi Junction the Same as Bondi Beach?
/bondi-blog/2024/9/18/guide-to-metal-detecting-at-bondi-beach,blog-post-dated,blog,yes,200,975,128,10,0,WebSite|Article,Metal Detecting at Bondi Beach: A Guide
/bondi-blog/2024/9/16/how-to-find-a-housemate-in-bondi-beach,blog-post-dated,blog,yes,200,245,0,1,0,WebSite|Article,How to Find a Place To Live in Bondi Beach — Visit Bondi Beach
/bondi-blog/2024/9/12/why-bondi-beach-is-so-famous-history-fame-and-culture,blog-post-dated,blog,yes,200,981,291,25,0,WebSite|Article,Why Bondi Beach Is So Famous: History & Culture
/bondi-blog/2024/9/8/is-it-safe-to-swim-at-bondi-beach-a-complete-guide,blog-post-dated,blog,yes,200,940,171,8,0,WebSite|Article,Is It Safe to Swim at Bondi Beach?
/bondi-blog/2024/9/7/the-best-vegetarian-and-vegan-restaurants-in-bondi-beach,blog-post-dated,blog,yes,200,827,0,0,0,WebSite|Article,The best vegetarian and vegan restaurants in Bondi Beach — Visit Bondi Beach
/bondi-blog/2024/9/7/getting-to-sydney-marathon-from-bondi-beach,blog-post-dated,blog,yes,200,567,0,7,0,WebSite|Article,Getting to the Sydney Marathon from Bondi
/bondi-blog/2024/9/7/an-insiders-guide-to-the-sydney-marathon-2024,blog-post-dated,blog,yes,200,534,0,0,0,WebSite|Article,An insider’s guide to the Sydney Marathon (2024) — Visit Bondi Beach
/bondi-blog/2024/9/13/25-reasons-why-sydney-is-better-than-melbourne,blog-post-dated,blog,yes,200,893,0,5,0,WebSite|Article,25 Reasons Sydney Beats Melbourne
/bondi-blog/2023/9/9/soaring-high-at-bondi-beach-festival-of-the-winds,blog-post-dated,blog,yes,200,409,0,1,0,WebSite|Article,Soaring High at Bondi Beach: Festival of the Winds 2024 — Visit Bondi Beach
/bondi-blog/2024/8/28/average-sea-temperatures-at-bondi-beach-month-by-month-guide,blog-post-dated,blog,yes,200,399,227,59,0,WebSite|Article,Bondi Beach Sea Temperatures Month by Month
/bondi-blog/city2surf-results,blog-post-legacy,blog,yes,200,286,603,91,1,WebSite|Article,City2Surf Results: 2026 Results & Every Year Since 2000
/bondi-blog/2024/7/25/help-3-week-city2surf-training-plan,blog-post-dated,blog,no,200,391,0,7,1,WebSite|Article,3-Week City2Surf Training Plan
/bondi-blog/2024/6/9/the-best-time-to-visit-bondi-beach-a-seasonal-guide,blog-post-dated,blog,yes,200,533,0,11,0,WebSite|Article,Bondi Beach Season by Season
/bondi-blog/whale-watching-bondi-guide-2024,blog-post-legacy,blog,yes,200,616,0,4,0,WebSite|Article,Whale Watching at Bondi Guide (2024) — Visit Bondi Beach
/bondi-blog/2024/4/6/storm-chaos-forced-closures-around-bondi-beach,blog-post-dated,blog,yes,200,190,0,0,0,WebSite|Article,Storm chaos forces closures around Bondi Beach — Visit Bondi Beach
/bondi-blog/2024/2/12/an-insiders-guide-to-the-best-ice-cream-in-bondi,blog-post-dated,blog,yes,200,507,0,1,0,WebSite|Article,An Insider’s Guide To The Best Ice Cream In Bondi — Visit Bondi Beach
/bondi-blog/2024/2/9/sydneys-mystery-beach-at-mackenzies-bay,blog-post-dated,blog,yes,200,466,0,0,0,WebSite|Article,Sydney’s mystery beach at Mackenzie’s Bay — Visit Bondi Beach
/bondi-blog/2024/1/21/is-bondi-beach-a-safe-area-crime-rate,blog-post-dated,blog,yes,200,578,0,4,0,WebSite|Article,Is Bondi Beach a safe suburb? Crime rate and safety — Visit Bondi Beach
/bondi-blog/2024/1/25/can-you-see-dolphins-at-bondi-beach,blog-post-dated,blog,yes,200,213,0,2,0,WebSite|Article,Can you see dolphins at Bondi Beach? — Visit Bondi Beach
/bondi-blog/2024/1/20/is-bondi-beach-water-clean-or-polluted,blog-post-dated,blog,yes,200,222,0,1,0,WebSite|Article,How good is the water quality at Bondi Beach? — Visit Bondi Beach
/bondi-blog/2024/1/13/a-guide-to-australia-day-at-bondi-beach,blog-post-dated,blog,yes,200,612,0,0,0,WebSite|Article,A guide to Australia Day at Bondi Beach — Visit Bondi Beach
/bondi-blog/everything-to-know-bondi-salties-ocean-swimming,blog-post-legacy,blog,yes,200,499,0,7,0,WebSite|Article,The Bondi Salties: Ocean Swimming Guide
/bondi-blog/2024/1/7/sydneys-best-playground-in-the-heart-of-bondi,blog-post-dated,blog,yes,200,333,0,13,0,WebSite|Article,"Waverley Park Playground, Bondi: Family Guide"
/bondi-blog/2024/1/1/must-do-bondi-summer-activities-for-first-time-visitors,blog-post-dated,blog,yes,200,502,0,7,0,WebSite|Article,Must-Do Bondi Summer Activities
/bondi-blog/2023/11/9/2024-bondi-beach-event-calendar,blog-post-dated,blog,yes,200,198,0,0,0,WebSite|Article,2024 Bondi Beach Event Calendar — Visit Bondi Beach
/bondi-blog/2023/12/28/insiders-guide-to-new-years-day-at-bondi,blog-post-dated,blog,yes,200,502,0,0,0,WebSite|Article,Insider’s guide to New Year’s Day at Bondi — Visit Bondi Beach
/bondi-blog/2023/12/26/gwyneth-paltrows-bondi-recommendations-one-we-cant-agree-with,blog-post-dated,blog,yes,200,187,0,0,0,WebSite|Article,Gwyneth Paltrow’s Bondi Recommendations & One We Can’t Agree With — Visit Bondi Beach
/bondi-blog/2023/12/24/insiders-guide-to-new-years-eve-at-bondi-beach,blog-post-dated,blog,yes,200,922,0,0,0,WebSite|Article,An Insider’s Guide To New Year’s Eve In Bondi Beach — Visit Bondi Beach
/bondi-blog/2023/12/20/christmas-2024-bondi-weather-forecast,blog-post-dated,blog,yes,200,140,0,0,0,WebSite|Article,Christmas 2024 Bondi Beach Weather Forecast — Visit Bondi Beach
/bondi-blog/2023/12/10/from-the-mundane-to-the-outrageous-ranking-the-most-memorable-headline-grabbing-stories-from-bondi-local-loop,blog-post-dated,blog,yes,200,1524,0,0,0,WebSite|Article,Ranked 30-1: Bondi Local Loop’s biggest Headline Grabbing controversies of all time — Visit Bondi Beach
/bondi-blog/2023/10/18/bondi-beach-etiquette-guide,blog-post-dated,blog,yes,200,873,287,10,1,WebSite|Article,Bondi Beach Etiquette: The Local Rules
/bondi-blog/2023/11/17/a-parents-guide-to-bondi-beach-activities-eats-and-entertainment-for-kids,blog-post-dated,blog,yes,200,348,0,2,0,WebSite|Article,"A Parent’s Guide to Bondi Beach: Activities, Eats, and Entertainment for Kids — Visit Bondi Beach"
/bondi-blog/2023/11/20/an-insiders-guide-to-finding-a-car-park-at-bronte-beach,blog-post-dated,blog,yes,200,297,886,10,0,WebSite|Article,Bronte Beach Parking: An Insider's Guide
/bondi-blog/2023/11/16/hxnovb41qon8zebftsjodt0g8tvhde,blog-post-dated,blog,yes,200,510,0,3,0,WebSite|Article,Facts about Bondi Beach That Will Surprise You — Visit Bondi Beach
/bondi-blog/how-to-pronounce-bondi-beach,blog-post-legacy,blog,yes,200,50,0,28,0,WebSite|Article,How to Pronounce Bondi Beach
/bondi-blog/2023/11/16/insiders-guide-to-the-bronte-ocean-pool,blog-post-dated,blog,yes,200,766,139,73,0,WebSite|Article,Bronte Ocean Pool: An Insider's Guide
/bondi-blog/2023/11/8/definitive-guide-to-bondis-best-restaurants,blog-post-dated,blog,no,200,193,0,0,0,WebSite|Article,Definitive Guide To Bondi’s Best Restaurants — Visit Bondi Beach
/bondi-blog/2023/11/9/the-440-run-club-at-bronte-beach-sydneys-open-invitation-for-runners,blog-post-dated,blog,yes,200,337,0,2,0,WebSite|Article,The 440 Run Club at Bronte Beach: Sydney’s Open Invitation for Runners — Visit Bondi Beach
/bondi-blog/2023/11/7/the-safest-place-to-swim-at-bondi-beach,blog-post-dated,blog,yes,200,184,0,15,0,WebSite|Article,The Safest Place to Swim at Bondi Beach
/bondi-blog/2023/11/5/things-to-do-at-bondi-beach-in-the-rain,blog-post-dated,blog,no,200,559,0,0,0,WebSite|Article,Things to do at Bondi Beach in the rain — Visit Bondi Beach
/bondi-blog/2023/9/28/bondi-beach-and-the-shark-question-unraveling-the-mystery,blog-post-dated,blog,yes,200,598,0,10,0,WebSite|Article,Are There Sharks at Bondi Beach?
/bondi-blog/2023/10/4/finding-free-parking-at-bondi-beach-made-easy,blog-post-dated,blog,yes,200,178,720,59,3,WebSite|Article,Free Parking at Bondi Beach: Local Tips
/bondi-blog/2023/10/1/daylight-saving-time-in-sydney-a-quick-guide-to-octobers-clock-change,blog-post-dated,blog,yes,200,279,0,3,0,WebSite|Article,Daylight Saving Time in Sydney: A Quick Guide To October’s Clock Change — Visit Bondi Beach
/bondi-blog/2023/9/21/sculptures-by-the-sea-at-bondi-a-comprehensive-guide-to-art-by-the-ocean,blog-post-dated,blog,yes,200,557,0,14,0,WebSite|Article,Sculpture by the Sea: Bondi to Tamarama Guide
/bondi-blog/2023/9/19/a-guide-to-the-bondi-beach-sunday-drummer,blog-post-dated,blog,yes,200,718,0,1,0,WebSite|Article,The Drummers On The North Bondi Grassy Knoll — Visit Bondi Beach
/bondi-blog/2023/9/21/walking-on-sunshine-the-ultimate-guide-to-the-bondi-to-bronte-coastal-walk,blog-post-dated,blog,yes,200,915,0,6,0,WebSite|Article,The Ultimate Bondi to Bronte Coastal Walk Guide
/bondi-blog/2023/9/22/el-nio-and-its-unexpected-chilly-effect-on-bondis-sea-temperature,blog-post-dated,blog,yes,200,585,0,1,0,WebSite|Article,El Niño and Its Chilly Effect on Bondi’s Sea Temperature — Visit Bondi Beach
/bondi-blog/2023/9/20/chasing-sunrise-bondi-beachs-perfect-weather-conditions,blog-post-dated,blog,yes,200,553,0,4,0,WebSite|Article,Forecasting the sunrise at Bondi Beach — Visit Bondi Beach
/bondi-blog/waverley-cemetery-sydney-australia,blog-post-legacy,blog,yes,200,383,0,3,0,WebSite|Article,The Eternal Beauty of Waverley Cemetery: Sydney's Historic Resting Place by the Sea — Visit Bondi Beach
/bondi-blog/2023/9/11/can-you-fly-a-drone-at-bondi-beach-the-dos-and-donts-of-aerial-photography,blog-post-dated,blog,yes,200,283,204,9,0,WebSite|Article,Can You Fly a Drone at Bondi Beach?
/bondi-blog/2023/9/4/bond-market-sunday-guide,blog-post-dated,blog,yes,200,432,0,3,0,WebSite|Article,Bondi’s Sunday Markets: Your Ultimate Guide to Sydney's coolest Sunday Market — Visit Bondi Beach
/bondi-blog/2023/9/5/20-obscure-facts-about-bondi-rescue,blog-post-dated,blog,yes,200,534,200,26,0,WebSite|Article,20 Obscure Facts About Bondi Rescue
/bondi-blog/what-to-do-bondi-beach-travel-guide,blog-post-legacy,blog,yes,200,1982,465,3,0,WebSite|Article,What To Do In Bondi Beach: Everything You Need To Know — Visit Bondi Beach
/bondi-blog/best-backpacker-hostels-bondi-beach,blog-post-legacy,blog,yes,200,654,0,0,0,WebSite|Article,Top 3 Bondi Backpacker Hostels (2023) — Visit Bondi Beach
/bondi-blog/2023/8/29/mackenzies-bay-is-back-the-ultimate-sydney-hidden-gem,blog-post-dated,blog,yes,200,430,0,10,0,WebSite|Article,Mackenzies Bay: Sydney's Vanishing Beach
/bondi-blog/2023/8/22/bondis-saturday-farmers-market-your-complete-guide-to-fresh-local-produce-by-the-beach,blog-post-dated,blog,yes,200,385,0,0,0,WebSite|Article,"Bondi's Saturday Farmers Market: Your Complete Guide to Fresh, Local Produce by the Beach — Visit Bondi Beach"
/bondi-blog/bondi-muscle-beach,blog-post-legacy,blog,yes,200,157,0,6,0,WebSite|Article,Bondi's Muscle Beach & Outdoor Gym
/bondi-blog/2023/8/10/a-guide-to-sydneys-eastern-suburbs-beaches,blog-post-dated,blog,yes,200,490,0,3,0,WebSite|Article,A guide to Sydney's Eastern Suburbs Beaches — Visit Bondi Beach
/bondi-blog/bondi-beach-surf-guide,blog-post-legacy,blog,yes,200,590,0,6,0,WebSite|Article,Surfing at Bondi Beach: A Complete Guide
/bondi-blog/bondi-rescue-who-are-the-lifeguards,blog-post-legacy,blog,yes,200,1176,3452,1095,7,WebSite|Article,"Bondi Rescue Lifeguards: Who Are They? Bios, Facts & the Show"
/bondi-blog/2023/8/8/does-bondi-beach-get-busy,blog-post-dated,blog,yes,200,250,0,1,0,WebSite|Article,Does Bondi Beach Get Busy? — Visit Bondi Beach
/bondi-blog/ben-buckler-name-history,blog-post-legacy,blog,yes,200,153,0,9,0,WebSite|Article,Ben Buckler: How Bondi's Headland Got Its Name
/bondi-blog/2018/10/17/when-is-the-best-time-to-visit-bondi-beach,blog-post-dated,blog,no,200,215,0,1,0,WebSite|Article,When is the best time to visit Bondi Beach? — Visit Bondi Beach
/bondi-blog/swimming-between-flags-bondi-beach,blog-post-legacy,blog,yes,200,268,0,0,0,WebSite|Article,Do you have to swim between the flags at Bondi Beach — Visit Bondi Beach
/bondi-blog/10-biggest-events-bondi-beach,blog-post-legacy,blog,yes,200,397,0,6,0,WebSite|Article,The Events That Shaped Bondi Beach
/bondi-blog/the-ultimate-guide-to-bondi-beach-nightlife,blog-post-legacy,blog,yes,200,528,0,28,0,WebSite|Article,Bondi Beach Nightlife: The Local Guide
/bondi-blog/is-bondi-good-to-live,blog-post-legacy,blog,yes,200,312,0,2,0,WebSite|Article,Is Bondi Beach a good place to live? — Visit Bondi Beach
/bondi-blog/bondi-icebergs-brand-takeover-ranked,blog-post-legacy,blog,yes,200,807,188,7,1,WebSite|Article,The Best Bondi Icebergs Brand Takeovers Ranked  — Visit Bondi Beach
/bondi-blog/why-is-bondi-beach-famous,blog-post-legacy,blog,no,200,384,0,1,0,WebSite|Article,Why Is Bondi Beach So Famous?
/bondi-blog/bondi-beach-main-events,blog-post-legacy,blog,yes,200,496,0,0,0,WebSite|Article,Local's Guide to Bondi's Top Annual Events — Visit Bondi Beach
/bondi-blog/bondi-beach-playground-guide,blog-post-legacy,blog,yes,200,393,0,5,0,WebSite|Article,Bondi Beach Playgrounds: A Local's Guide
/bondi-blog/city-to-surf-training-plan,blog-post-legacy,blog,no,200,573,0,2,0,WebSite|Article,City2Surf beginner's training plan (8 weeks) — Visit Bondi Beach
/bondi-blog/access-bondi-icebergs-pool,blog-post-legacy,blog,yes,200,202,0,5,0,WebSite|Article,How to Access the Bondi Icebergs Pool
/bondi-blog/bondi-beach-golf-course,blog-post-legacy,blog,yes,200,459,0,0,0,WebSite|Article,Hidden gem: Bondi Beach Golf Course — Visit Bondi Beach
/bondi-blog/whale-watching-bondi-beach,blog-post-legacy,blog,yes,200,467,0,8,0,WebSite|Article,Whale watching at Bondi Beach — Visit Bondi Beach
/bondi-blog/is-bondi-icebergs-pool-heated,blog-post-legacy,blog,yes,200,90,0,12,0,WebSite|Article,Is the Bondi Icebergs Pool Heated?
/bondi-blog/2023/4/1/3003c62xnorpgvx461rhjrkhp6p56f,blog-post-dated,blog,yes,200,892,0,2,0,WebSite|Article,"The Complete Guide to Bondi Icebergs: Discover the Iconic Pool, Bistro, and Wellness Experiences in Sydney's Coastal Paradise — Visit Bondi Beach"
/bondi-blog/sunrise-sunset-bondi,blog-post-legacy,blog,yes,200,524,373,32,0,WebSite|Article,"Bondi Beach Sunrise: Best Spots, Times & Photography Guide"
/bondi-blog/2023/4/1/sp5ol0037f2etchbkhdvn7rfdlaypz,blog-post-dated,blog,yes,200,484,0,7,0,WebSite|Article,10 of the best: Bondi Beach Foodie Guide — Visit Bondi Beach
/bondi-blog/Sydney’s-best-bookstore-gertude-alice,blog-post-legacy,blog,yes,200,551,0,3,0,WebSite|Article,Sydney’s Best Bookstore: Gertrude and Alice — Visit Bondi Beach
/bondi-blog/is-bondi-beach-patrolled-by-lifeguards,blog-post-legacy,blog,yes,200,466,0,10,0,WebSite|Article,Are There Lifeguards at Bondi Beach? A Comprehensive Guide to Bondi Beach Safety — Visit Bondi Beach
/bondi-blog/best-accommodation-bondi-beach,blog-post-legacy,blog,yes,200,617,130,1,0,WebSite|Article,Bondi Beach Accommodation Guide — Visit Bondi Beach
/bondi-blog/bondi-or-manly-travel-guide,blog-post-legacy,blog,yes,200,359,0,0,0,WebSite|Article,Should I Visit Bondi or Manly? — Visit Bondi Beach
/bondi-blog/hidden-gems-bondi-beach,blog-post-legacy,blog,yes,200,266,0,0,0,WebSite|Article,Local's Only: The hidden gems of Bondi Beach — Visit Bondi Beach
/bondi-blog/where-to-find-carpark-bondi-beach,blog-post-legacy,blog,yes,200,693,0,75,2,WebSite|Article,An insider’s guide to finding a carpark at Bondi Beach — Visit Bondi Beach
/bondi-blog/bondi-beach-tour-guide,blog-post-legacy,blog,yes,200,405,0,0,0,WebSite|Article,A guide to tours in and around Bondi Beach — Visit Bondi Beach
/bondi-blog/accommodation-options-for-backpackers-in-bondi-beach,blog-post-legacy,blog,yes,200,580,0,1,0,WebSite|Article,Accommodation Options for Backpackers in Bondi Beach — Visit Bondi Beach
/bondi-blog/are-airbnb-legal-in-sydney-bondi,blog-post-legacy,blog,yes,200,183,0,0,0,WebSite|Article,Is short term rental accommodation (AIRBnB) legal in Bondi? — Visit Bondi Beach
/bondi-blog/bondi-commonly-asked-questions,blog-post-legacy,blog,yes,200,1125,118,7,0,WebSite|Article,Bondi Bible: your top 20 questions about Bondi Beach answered — Visit Bondi Beach
/bondi-blog/best-breakfast-bondi-right-now,blog-post-legacy,blog,yes,200,343,0,1,0,WebSite|Article,A locals guide to the best breakfast in Bondi right now — Visit Bondi Beach
/bondi-blog/getting-from-sydney-airport-to-bondi-beach,blog-post-legacy,blog,yes,200,471,0,13,0,WebSite|Article,Sydney Airport to Bondi Beach: Every Option Compared
/bondi-blog/can-anyone-swim-at-bondi-icebergs-swimming-pool,blog-post-legacy,blog,yes,200,653,534,46,0,WebSite|Article,Can anyone swim at Bondi Icebergs swimming pool? — Visit Bondi Beach
/bondi-blog/how-to-get-to-bondi-beach,blog-post-legacy,blog,yes,200,204,0,11,0,WebSite|Article,How to get to Bondi Beach — Visit Bondi Beach
/bondi-blog/day-trip-bondi-beach-top-tips,blog-post-legacy,blog,yes,200,211,0,0,0,WebSite|Article,Bondi Beach Day Trip Tips — Visit Bondi Beach
/bondi-blog/bondi-beach-cheap-food,blog-post-legacy,blog,yes,200,367,0,0,0,WebSite|Article,Cheap places to eat in Bondi — Visit Bondi Beach
/bondi-blog/Bondi-beach-temperature,blog-post-legacy,blog,yes,200,396,0,17,0,WebSite|Article,Bondi Beach Temperatures: What to Expect
/bondi-blog/where-is-bondi-junction,blog-post-legacy,blog,yes,200,158,0,6,0,WebSite|Article,Where is Bondi Junction? — Visit Bondi Beach
/bondi-blog/34-best-things-to-do-bondi-beach,blog-post-legacy,blog,yes,200,372,0,0,0,WebSite|Article,34 of the best things to do in bondi — Visit Bondi Beach
/bondi-blog/safe-swimming-bondi-beach,blog-post-legacy,blog,yes,200,228,0,0,0,WebSite|Article,Swim safety at Bondi Beach — Visit Bondi Beach
/bondi-blog/Bondi-to-manly-walk-guide,blog-post-legacy,blog,yes,200,1057,0,0,0,WebSite|Article,Ultimate guide to the 80km Bondi to Manly walk — Visit Bondi Beach
/bondi-blog/best-kids-activities-bondi-beach,blog-post-legacy,blog,yes,200,428,0,0,0,WebSite|Article,Best activities for kids at bondi beach — Visit Bondi Beach
/bondi-blog/Locals-guide-Bondi-Beach,blog-post-legacy,blog,yes,200,571,0,0,0,WebSite|Article,Local’s guide to Bondi Beach — Visit Bondi Beach
/bondi-blog/best-restaurants-bondi-beach,blog-post-legacy,blog,yes,200,221,0,0,0,WebSite|Article,Best restaurants in Bondi Beach — Visit Bondi Beach
/bondi-blog/24-hours-in-bondi-beach,blog-post-legacy,blog,yes,200,177,0,0,0,WebSite|Article,24 hours in Bondi: Top things to do — Visit Bondi Beach
/bondi-blog/meet-bondi-lifeguards,blog-post-legacy,blog,no,200,192,0,1,0,WebSite|Article,Meet the Bondi Beach Lifeguards
/bondi-blog/transport-to-bondi-beach,blog-post-legacy,blog,no,200,220,0,2,0,WebSite|Article,How do you get to Bondi Beach — Visit Bondi Beach
/bondi-blog/Bondi-beach-history,blog-post-legacy,blog,yes,200,605,0,7,0,WebSite|Article,The History of Bondi Beach
/bondi-blog/2017/5/7/bondis-most-famous-residents,blog-post-dated,blog,yes,200,238,0,0,0,WebSite|Article,Bondi's most famous residents — Visit Bondi Beach
/bondi-blog/why-is-bondi-beach-so-special,blog-post-legacy,blog,yes,200,307,0,2,0,WebSite|Article,What makes Bondi Beach so special? — Visit Bondi Beach
/bondi-blog/best-time-to-visit-bondi-beach,blog-post-legacy,blog,no,200,140,0,0,0,WebSite|Article,The Best Time to Visit Bondi Beach
/bondi-blog/surfing-at-bondi,blog-post-legacy,blog,yes,200,204,0,0,0,WebSite|Article,Surfing at Bondi — Visit Bondi Beach
/bondi-blog/how-long-is-bondi-icebergs-poo,blog-post-legacy,blog,yes,200,144,0,3,0,WebSite|Article,How long is the Bondi Icebergs pool? — Visit Bondi Beach
/bondi-blog/nearest-train-station-bondi-beach,blog-post-legacy,blog,yes,200,164,0,9,0,WebSite|Article,Bondi Beach: The Nearest Train Station — Visit Bondi Beach
/bondi-blog/2018/9/11/how-far-is-bondi-beach-from-sydney,blog-post-dated,blog,no,200,118,0,1,0,WebSite|Article,How far is Bondi Beach from Sydney? — Visit Bondi Beach
/bondi-blog/2017/9/10/bsc783vqaltyo7486wej3c50fmnhni,blog-post-dated,blog,yes,200,279,0,0,0,WebSite|Article,The Best Bondi Instagram Accounts — Visit Bondi Beach
/bondi-blog/2017/9/10/ocean-swims-at-bondi-beach,blog-post-dated,blog,yes,200,603,0,0,0,WebSite|Article,Ocean Swims At Bondi Beach — Visit Bondi Beach
/bondi-blog/why-is-bondi-so-popular,blog-post-legacy,blog,no,200,284,0,0,0,WebSite|Article,Why is Bondi Beach so popular with tourists? — Visit Bondi Beach
/bondi-blog/2017/8/28/bondi-icebergs-the-famous-bondi-pool,blog-post-dated,blog,yes,200,326,0,1,0,WebSite|Article,Bondi Icebergs - The famous Bondi pool — Visit Bondi Beach
/bondi-blog/2017/6/14/call-on-me-film-clip-bondi-class,blog-post-dated,blog,yes,200,1041,0,4,0,WebSite|Article,Call On Dee — Visit Bondi Beach
/bondi-blog/bondi-winter-magic,blog-post-legacy,blog,yes,200,107,0,1,0,WebSite|Article,Bondi Winter Magic — Visit Bondi Beach
/bondi-blog/2017/4/28/city2surf-time-to-start-training,blog-post-dated,blog,no,200,93,0,0,0,WebSite|Article,City2Surf. Time to start training? — Visit Bondi Beach
/bondi-blog/category/Travel,category,blog,yes,200,622,0,0,0,WebSite,Travel — Bondi Beach Local's Guide — Visit Bondi Beach
/bondi-blog/category/Out+%26+About,category,blog,yes,200,655,0,0,0,WebSite,Out & About — Bondi Beach Local's Guide — Visit Bondi Beach
/bondi-blog/category/City2Surf,category,blog,yes,200,192,0,1,0,WebSite,City2Surf — Bondi Beach Local's Guide — Visit Bondi Beach
/bondi-blog/category/People,category,blog,yes,200,232,0,0,0,WebSite,People — Bondi Beach Local's Guide — Visit Bondi Beach
/bondi-blog/category/History,category,blog,yes,200,277,0,0,0,WebSite,History — Bondi Beach Local's Guide — Visit Bondi Beach
/bondi-blog/category/Swim,category,blog,yes,200,551,0,0,0,WebSite,Swim — Bondi Beach Local's Guide — Visit Bondi Beach
/bondi-blog/tag/bondi+recovery,tag,blog,no,200,88,0,0,0,WebSite,bondi recovery — Bondi Beach Local's Guide — Visit Bondi Beach
/bondi-blog/tag/bronte+beach,tag,blog,no,200,266,0,0,0,WebSite,bronte beach — Bondi Beach Local's Guide — Visit Bondi Beach
/bondi-blog/tag/Barbie,tag,blog,no,200,78,0,0,0,WebSite,Barbie — Bondi Beach Local's Guide — Visit Bondi Beach
/bondi-blog/tag/mackenzies+bay,tag,blog,no,200,99,0,0,0,WebSite,mackenzies bay — Bondi Beach Local's Guide — Visit Bondi Beach
/bondi-blog/tag/instagram,tag,blog,no,200,86,0,0,0,WebSite,instagram — Bondi Beach Local's Guide — Visit Bondi Beach
/bondi-blog/tag/pollution,tag,blog,no,200,76,0,0,0,WebSite,pollution — Bondi Beach Local's Guide — Visit Bondi Beach
/bondi-blog/tag/cheap+accommodation,tag,blog,no,200,74,0,0,0,WebSite,cheap accommodation — Bondi Beach Local's Guide — Visit Bondi Beach
/bondi-blog/tag/storm+damage,tag,blog,no,200,73,0,0,0,WebSite,storm damage — Bondi Beach Local's Guide — Visit Bondi Beach
/bondi-blog/tag/getting+to+bondi,tag,blog,no,200,160,0,0,0,WebSite,getting to bondi — Bondi Beach Local's Guide — Visit Bondi Beach
/bondi-blog/tag/bondi+beach+transport,tag,blog,no,200,85,0,0,0,WebSite,bondi beach transport — Bondi Beach Local's Guide — Visit Bondi Beach
/bondi-blog/tag/english,tag,blog,no,200,96,0,0,0,WebSite,english — Bondi Beach Local's Guide — Visit Bondi Beach
/bondi-blog/tag/bondi+to+bronte+guide,tag,blog,no,200,104,0,0,0,WebSite,bondi to bronte guide — Bondi Beach Local's Guide — Visit Bondi Beach
/bondi-blog/tag/events,tag,blog,no,200,70,0,0,0,WebSite,events — Bondi Beach Local's Guide — Visit Bondi Beach
/bondi-blog/tag/best+bars,tag,blog,no,200,75,0,0,0,WebSite,best bars — Bondi Beach Local's Guide — Visit Bondi Beach
/bondi-blog/tag/dining,tag,blog,no,200,81,0,0,0,WebSite,dining — Bondi Beach Local's Guide — Visit Bondi Beach
/bondi-blog/tag/arrival+guide,tag,blog,no,200,85,0,0,0,WebSite,arrival guide — Bondi Beach Local's Guide — Visit Bondi Beach
/bondi-blog/tag/taxi,tag,blog,no,200,113,0,1,0,WebSite,taxi — Bondi Beach Local's Guide — Visit Bondi Beach
/bondi-blog/tag/pool,tag,blog,no,200,109,0,0,0,WebSite,pool — Bondi Beach Local's Guide — Visit Bondi Beach
/bondi-blog/tag/drummers,tag,blog,no,200,73,0,0,0,WebSite,drummers — Bondi Beach Local's Guide — Visit Bondi Beach
/bondi-blog/tag/australia,tag,blog,no,200,255,0,0,0,WebSite,australia — Bondi Beach Local's Guide — Visit Bondi Beach
/bondi-blog/tag/hike,tag,blog,no,200,78,0,0,0,WebSite,hike — Bondi Beach Local's Guide — Visit Bondi Beach
/bondi-blog/tag/bbq,tag,blog,no,200,82,0,0,0,WebSite,bbq — Bondi Beach Local's Guide — Visit Bondi Beach
/bondi-blog/tag/bondi+beach+cafes,tag,blog,no,200,89,0,0,0,WebSite,bondi beach cafes — Bondi Beach Local's Guide — Visit Bondi Beach
/bondi-blog/tag/cliff+jump,tag,blog,no,200,80,0,0,0,WebSite,cliff jump — Bondi Beach Local's Guide — Visit Bondi Beach
/bondi-blog/tag/sydney+christmas,tag,blog,no,200,93,0,0,0,WebSite,sydney christmas — Bondi Beach Local's Guide — Visit Bondi Beach
/bondi-blog/tag/restaurants,tag,blog,no,200,132,0,0,0,WebSite,restaurants — Bondi Beach Local's Guide — Visit Bondi Beach
/bondi-blog/tag/dolphins,tag,blog,no,200,72,0,0,0,WebSite,dolphins — Bondi Beach Local's Guide — Visit Bondi Beach
/bondi-blog/tag/train+for+city2surf,tag,blog,no,200,98,0,0,0,WebSite,train for city2surf — Bondi Beach Local's Guide — Visit Bondi Beach
/bondi-blog/tag/photography,tag,blog,no,200,86,0,0,0,WebSite,photography — Bondi Beach Local's Guide — Visit Bondi Beach
/bondi-blog/tag/sunrise,tag,blog,no,200,105,0,0,0,WebSite,sunrise — Bondi Beach Local's Guide — Visit Bondi Beach
/bondi-blog/tag/icebergs,tag,blog,no,200,115,0,0,0,WebSite,icebergs — Bondi Beach Local's Guide — Visit Bondi Beach
/bondi-blog/tag/access,tag,blog,no,200,77,0,0,0,WebSite,access — Bondi Beach Local's Guide — Visit Bondi Beach
/bondi-blog/tag/sculptures+by+the+sea,tag,blog,no,200,133,0,0,0,WebSite,sculptures by the sea — Bondi Beach Local's Guide — Visit Bondi Beach
/bondi-blog/tag/surf+lifesaving,tag,blog,no,200,77,0,0,0,WebSite,surf lifesaving — Bondi Beach Local's Guide — Visit Bondi Beach
/bondi-blog/tag/facts,tag,blog,no,200,104,0,0,0,WebSite,facts — Bondi Beach Local's Guide — Visit Bondi Beach
/bondi-blog/tag/swimming,tag,blog,no,200,146,0,0,0,WebSite,swimming — Bondi Beach Local's Guide — Visit Bondi Beach
/bondi-blog/tag/bookstore,tag,blog,no,200,79,0,0,0,WebSite,bookstore — Bondi Beach Local's Guide — Visit Bondi Beach
/bondi-blog/tag/vegetarian,tag,blog,no,200,74,0,0,0,WebSite,vegetarian — Bondi Beach Local's Guide — Visit Bondi Beach
/bondi-blog/tag/hotel,tag,blog,no,200,111,0,0,0,WebSite,hotel — Bondi Beach Local's Guide — Visit Bondi Beach
/bondi-blog/tag/sydney+airport,tag,blog,no,200,115,0,0,0,WebSite,sydney airport — Bondi Beach Local's Guide — Visit Bondi Beach
/bondi-blog/tag/private+transfer,tag,blog,no,200,86,0,0,0,WebSite,private transfer — Bondi Beach Local's Guide — Visit Bondi Beach
/bondi-blog/tag/afterparty,tag,blog,no,200,74,0,0,0,WebSite,afterparty — Bondi Beach Local's Guide — Visit Bondi Beach
/bondi-blog/tag/free,tag,blog,no,200,82,0,0,0,WebSite,free — Bondi Beach Local's Guide — Visit Bondi Beach
/bondi-blog/tag/kids,tag,blog,no,200,193,0,0,0,WebSite,kids — Bondi Beach Local's Guide — Visit Bondi Beach
/bondi-blog/tag/art,tag,blog,no,200,96,0,0,0,WebSite,art — Bondi Beach Local's Guide — Visit Bondi Beach
/bondi-blog/tag/marathon+spectators,tag,blog,no,200,83,0,0,0,WebSite,marathon spectators — Bondi Beach Local's Guide — Visit Bondi Beach
/bondi-blog/tag/running+tips,tag,blog,no,200,96,0,0,0,WebSite,running tips — Bondi Beach Local's Guide — Visit Bondi Beach
/bondi-blog/tag/stra,tag,blog,no,200,78,0,0,0,WebSite,stra — Bondi Beach Local's Guide — Visit Bondi Beach
/bondi-blog/tag/nightlife,tag,blog,no,200,75,0,0,0,WebSite,nightlife — Bondi Beach Local's Guide — Visit Bondi Beach
/bondi-blog/tag/wet+weather,tag,blog,no,200,119,0,0,0,WebSite,wet weather — Bondi Beach Local's Guide — Visit Bondi Beach
/bondi-blog/tag/sculpture+by+the+sea,tag,blog,no,200,102,0,0,0,WebSite,sculpture by the sea — Bondi Beach Local's Guide — Visit Bondi Beach
/bondi-blog/tag/bondi+pool,tag,blog,no,200,83,0,0,0,WebSite,bondi pool — Bondi Beach Local's Guide — Visit Bondi Beach
/bondi-blog/tag/tour,tag,blog,no,200,86,0,0,0,WebSite,tour — Bondi Beach Local's Guide — Visit Bondi Beach
/bondi-blog/tag/premier+league,tag,blog,no,200,94,0,0,0,WebSite,premier league — Bondi Beach Local's Guide — Visit Bondi Beach
/bondi-blog/tag/surfcam,tag,blog,no,200,77,0,5,0,WebSite,surfcam — Bondi Beach Local's Guide — Visit Bondi Beach
/bondi-blog/tag/nielsen+park,tag,blog,no,200,76,0,0,0,WebSite,nielsen park — Bondi Beach Local's Guide — Visit Bondi Beach
/bondi-blog/tag/watch,tag,blog,no,200,92,0,0,0,WebSite,watch — Bondi Beach Local's Guide — Visit Bondi Beach
/bondi-blog/tag/sunset,tag,blog,no,200,86,0,0,0,WebSite,sunset — Bondi Beach Local's Guide — Visit Bondi Beach
/bondi-blog/tag/christmas+day,tag,blog,no,200,137,0,0,0,WebSite,christmas day — Bondi Beach Local's Guide — Visit Bondi Beach
/bondi-blog/tag/open,tag,blog,no,200,75,0,0,0,WebSite,open — Bondi Beach Local's Guide — Visit Bondi Beach
/bondi-blog/tag/Takeover,tag,blog,no,200,78,0,0,0,WebSite,Takeover — Bondi Beach Local's Guide — Visit Bondi Beach
/bondi-blog/tag/tv,tag,blog,no,200,83,0,0,0,WebSite,tv — Bondi Beach Local's Guide — Visit Bondi Beach
/bondi-blog/tag/city2surf+running+guide,tag,blog,no,200,98,0,0,0,WebSite,city2surf running guide — Bondi Beach Local's Guide — Visit Bondi Beach
/bondi-blog/tag/bondi+junction+guide,tag,blog,no,200,99,0,0,0,WebSite,bondi junction guide — Bondi Beach Local's Guide — Visit Bondi Beach
/bondi-blog/tag/rules,tag,blog,no,200,74,0,0,0,WebSite,rules — Bondi Beach Local's Guide — Visit Bondi Beach
/bondi-blog/tag/bondi+icebergs,tag,blog,no,200,292,0,0,0,WebSite,bondi icebergs — Bondi Beach Local's Guide — Visit Bondi Beach
/bondi-blog/tag/spring,tag,blog,no,200,81,0,0,0,WebSite,spring — Bondi Beach Local's Guide — Visit Bondi Beach
/bondi-blog/tag/tamarama,tag,blog,no,200,153,0,0,0,WebSite,tamarama — Bondi Beach Local's Guide — Visit Bondi Beach
/bondi-blog/tag/hacks,tag,blog,no,200,83,0,0,0,WebSite,hacks — Bondi Beach Local's Guide — Visit Bondi Beach
/bondi-blog/tag/fitness,tag,blog,no,200,90,0,0,0,WebSite,fitness — Bondi Beach Local's Guide — Visit Bondi Beach
/bondi-blog/tag/marathon,tag,blog,no,200,112,0,0,0,WebSite,marathon — Bondi Beach Local's Guide — Visit Bondi Beach
/bondi-blog/tag/australia+day,tag,blog,no,200,80,0,0,0,WebSite,australia day — Bondi Beach Local's Guide — Visit Bondi Beach
/bondi-blog/tag/Hennessy,tag,blog,no,200,78,0,0,0,WebSite,Hennessy — Bondi Beach Local's Guide — Visit Bondi Beach
/bondi-blog/tag/drone,tag,blog,no,200,71,0,0,0,WebSite,drone — Bondi Beach Local's Guide — Visit Bondi Beach
/bondi-blog/tag/Brand,tag,blog,no,200,78,0,0,0,WebSite,Brand — Bondi Beach Local's Guide — Visit Bondi Beach
/bondi-blog/tag/carpark,tag,blog,no,200,82,0,0,0,WebSite,carpark — Bondi Beach Local's Guide — Visit Bondi Beach
/bondi-blog/tag/sundays+bondi,tag,blog,no,200,92,0,0,0,WebSite,sundays bondi — Bondi Beach Local's Guide — Visit Bondi Beach
/bondi-blog/tag/bronte+ocean+pool,tag,blog,no,200,75,0,0,0,WebSite,bronte ocean pool — Bondi Beach Local's Guide — Visit Bondi Beach
/bondi-blog/tag/swim,tag,blog,no,200,78,0,0,0,WebSite,swim — Bondi Beach Local's Guide — Visit Bondi Beach
/bondi-blog/tag/party,tag,blog,no,200,79,0,0,0,WebSite,party — Bondi Beach Local's Guide — Visit Bondi Beach
/bondi-blog/tag/best+coffee,tag,blog,no,200,78,0,0,0,WebSite,best coffee — Bondi Beach Local's Guide — Visit Bondi Beach
/bondi-blog/tag/carb+load,tag,blog,no,200,81,0,0,0,WebSite,carb load — Bondi Beach Local's Guide — Visit Bondi Beach
/bondi-blog/tag/christmas+party,tag,blog,no,200,77,0,0,0,WebSite,christmas party — Bondi Beach Local's Guide — Visit Bondi Beach
/bondi-blog/tag/airport+to+bondi,tag,blog,no,200,60,0,0,0,WebSite,airport to bondi — Bondi Beach Local's Guide — Visit Bondi Beach
/bondi-blog/tag/bondi+beach+bakery,tag,blog,no,200,94,0,0,0,WebSite,bondi beach bakery — Bondi Beach Local's Guide — Visit Bondi Beach
/bondi-blog/tag/bondi+salties,tag,blog,no,200,80,0,0,0,WebSite,bondi salties — Bondi Beach Local's Guide — Visit Bondi Beach
/bondi-blog/tag/gwyneth+paltrow,tag,blog,no,200,83,0,0,0,WebSite,gwyneth paltrow — Bondi Beach Local's Guide — Visit Bondi Beach
/bondi-blog/tag/expat,tag,blog,no,200,91,0,0,0,WebSite,expat — Bondi Beach Local's Guide — Visit Bondi Beach
/bondi-blog/tag/best+restaruants,tag,blog,no,200,84,0,0,0,WebSite,best restaruants — Bondi Beach Local's Guide — Visit Bondi Beach
/bondi-blog/tag/pasta,tag,blog,no,200,79,0,0,0,WebSite,pasta — Bondi Beach Local's Guide — Visit Bondi Beach
/bondi-blog/tag/kids+activities,tag,blog,no,200,84,0,0,0,WebSite,kids activities — Bondi Beach Local's Guide — Visit Bondi Beach
/bondi-blog/tag/public+access,tag,blog,no,200,98,0,0,0,WebSite,public access — Bondi Beach Local's Guide — Visit Bondi Beach
/bondi-blog/tag/blake+snake,tag,blog,no,200,73,0,0,0,WebSite,blake snake — Bondi Beach Local's Guide — Visit Bondi Beach
/bondi-blog/tag/live,tag,blog,no,200,77,0,2,0,WebSite,live — Bondi Beach Local's Guide — Visit Bondi Beach
/bondi-blog/tag/bondi+history,tag,blog,no,200,74,0,0,0,WebSite,bondi history — Bondi Beach Local's Guide — Visit Bondi Beach
/bondi-blog/tag/tottis,tag,blog,no,200,77,0,0,0,WebSite,tottis — Bondi Beach Local's Guide — Visit Bondi Beach
/bondi-blog/tag/hours,tag,blog,no,200,75,0,0,0,WebSite,hours — Bondi Beach Local's Guide — Visit Bondi Beach
/bondi-blog/tag/new+years+day,tag,blog,no,200,83,0,0,0,WebSite,new years day — Bondi Beach Local's Guide — Visit Bondi Beach
/bondi-blog/tag/football,tag,blog,no,200,92,0,0,0,WebSite,football — Bondi Beach Local's Guide — Visit Bondi Beach
/bondi-blog/tag/sydney+tour,tag,blog,no,200,73,0,0,0,WebSite,sydney tour — Bondi Beach Local's Guide — Visit Bondi Beach
/bondi-blog/tag/dinner,tag,blog,no,200,83,0,0,0,WebSite,dinner — Bondi Beach Local's Guide — Visit Bondi Beach
/bondi-blog/tag/bars,tag,blog,no,200,75,0,0,0,WebSite,bars — Bondi Beach Local's Guide — Visit Bondi Beach
/bondi-blog/tag/ocean+pool,tag,blog,no,200,179,0,0,0,WebSite,ocean pool — Bondi Beach Local's Guide — Visit Bondi Beach
/bondi-blog/tag/car+parking,tag,blog,no,200,85,0,0,0,WebSite,car parking — Bondi Beach Local's Guide — Visit Bondi Beach
/bondi-blog/tag/bondi+snake,tag,blog,no,200,73,0,0,0,WebSite,bondi snake — Bondi Beach Local's Guide — Visit Bondi Beach
/bondi-blog/tag/manly+beach,tag,blog,no,200,103,0,0,0,WebSite,manly beach — Bondi Beach Local's Guide — Visit Bondi Beach
/bondi-blog/tag/beach,tag,blog,no,200,105,0,1,0,WebSite,beach — Bondi Beach Local's Guide — Visit Bondi Beach
/bondi-blog/tag/coffee,tag,blog,no,200,131,0,5,0,WebSite,coffee — Bondi Beach Local's Guide — Visit Bondi Beach
/bondi-blog/tag/goop,tag,blog,no,200,81,0,0,0,WebSite,goop — Bondi Beach Local's Guide — Visit Bondi Beach
/bondi-blog/tag/family,tag,blog,no,200,140,0,0,0,WebSite,family — Bondi Beach Local's Guide — Visit Bondi Beach
/bondi-blog/tag/pub,tag,blog,no,200,92,0,0,0,WebSite,pub — Bondi Beach Local's Guide — Visit Bondi Beach
/bondi-blog/tag/orphan+christmas+sydney,tag,blog,no,200,100,0,0,0,WebSite,orphan christmas sydney — Bondi Beach Local's Guide — Visit Bondi Beach
/bondi-blog/tag/kids+eat+free,tag,blog,no,200,87,0,0,0,WebSite,kids eat free — Bondi Beach Local's Guide — Visit Bondi Beach
/bondi-blog/tag/parking,tag,blog,no,200,109,0,3,0,WebSite,parking — Bondi Beach Local's Guide — Visit Bondi Beach
/bondi-blog/tag/best+cafe,tag,blog,no,200,109,0,0,0,WebSite,best cafe — Bondi Beach Local's Guide — Visit Bondi Beach
/bondi-blog/tag/bondi+rescue,tag,blog,no,200,140,0,0,0,WebSite,bondi rescue — Bondi Beach Local's Guide — Visit Bondi Beach
/bondi-blog/tag/flatmate,tag,blog,no,200,79,0,0,0,WebSite,flatmate — Bondi Beach Local's Guide — Visit Bondi Beach
/bondi-blog/tag/cold+pool,tag,blog,no,200,88,0,0,0,WebSite,cold pool — Bondi Beach Local's Guide — Visit Bondi Beach
/bondi-blog/tag/children,tag,blog,no,200,109,0,0,0,WebSite,children — Bondi Beach Local's Guide — Visit Bondi Beach
/bondi-blog/tag/safety,tag,blog,no,200,77,0,0,0,WebSite,safety — Bondi Beach Local's Guide — Visit Bondi Beach
/bondi-blog/tag/bondi+transport,tag,blog,no,200,91,0,0,0,WebSite,bondi transport — Bondi Beach Local's Guide — Visit Bondi Beach
/bondi-blog/tag/blair+st,tag,blog,no,200,73,0,0,0,WebSite,blair st — Bondi Beach Local's Guide — Visit Bondi Beach
/bondi-blog/tag/weather,tag,blog,no,200,71,0,0,0,WebSite,weather — Bondi Beach Local's Guide — Visit Bondi Beach
/bondi-blog/tag/guide,tag,blog,no,200,140,0,0,0,WebSite,guide — Bondi Beach Local's Guide — Visit Bondi Beach
/bondi-blog/tag/epl,tag,blog,no,200,92,0,0,0,WebSite,epl — Bondi Beach Local's Guide — Visit Bondi Beach
/bondi-blog/tag/city2surf,tag,blog,no,200,212,0,0,0,WebSite,city2surf — Bondi Beach Local's Guide — Visit Bondi Beach
/bondi-blog/tag/sydney,tag,blog,no,200,564,0,0,0,WebSite,sydney — Bondi Beach Local's Guide — Visit Bondi Beach
/bondi-blog/tag/new+years+eve,tag,blog,no,200,118,0,0,0,WebSite,new years eve — Bondi Beach Local's Guide — Visit Bondi Beach
/bondi-blog/tag/gertrude+and+alice,tag,blog,no,200,83,0,0,0,WebSite,gertrude and alice — Bondi Beach Local's Guide — Visit Bondi Beach
/bondi-blog/tag/bondi+ocean+swims,tag,blog,no,200,102,0,0,0,WebSite,bondi ocean swims — Bondi Beach Local's Guide — Visit Bondi Beach
/bondi-blog/tag/swim+safety,tag,blog,no,200,98,0,0,0,WebSite,swim safety — Bondi Beach Local's Guide — Visit Bondi Beach
/bondi-blog/tag/indoor,tag,blog,no,200,86,0,0,0,WebSite,indoor — Bondi Beach Local's Guide — Visit Bondi Beach
/bondi-blog/tag/cinnamon+scrolls,tag,blog,no,200,92,0,0,0,WebSite,cinnamon scrolls — Bondi Beach Local's Guide — Visit Bondi Beach
/bondi-blog/tag/backpackers,tag,blog,no,200,111,0,0,0,WebSite,backpackers — Bondi Beach Local's Guide — Visit Bondi Beach
/bondi-blog/tag/school+holiday,tag,blog,no,200,80,0,0,0,WebSite,school holiday — Bondi Beach Local's Guide — Visit Bondi Beach
/bondi-blog/tag/outdoor+exercise,tag,blog,no,200,85,0,0,0,WebSite,outdoor exercise — Bondi Beach Local's Guide — Visit Bondi Beach
/bondi-blog/tag/irish,tag,blog,no,200,96,0,0,0,WebSite,irish — Bondi Beach Local's Guide — Visit Bondi Beach
/bondi-blog/tag/secret,tag,blog,no,200,82,0,0,0,WebSite,secret — Bondi Beach Local's Guide — Visit Bondi Beach
/bondi-blog/tag/summer,tag,blog,no,200,81,0,0,0,WebSite,summer — Bondi Beach Local's Guide — Visit Bondi Beach
/bondi-blog/tag/bondi+run,tag,blog,no,200,85,0,0,0,WebSite,bondi run — Bondi Beach Local's Guide — Visit Bondi Beach
/bondi-blog/tag/barbecue,tag,blog,no,200,82,0,0,0,WebSite,barbecue — Bondi Beach Local's Guide — Visit Bondi Beach
/bondi-blog/tag/surf+cam,tag,blog,no,200,79,0,0,0,WebSite,surf cam — Bondi Beach Local's Guide — Visit Bondi Beach
/bondi-blog/tag/fall,tag,blog,no,200,81,0,0,0,WebSite,fall — Bondi Beach Local's Guide — Visit Bondi Beach
/bondi-blog/tag/bronte,tag,blog,no,200,225,0,1,0,WebSite,bronte — Bondi Beach Local's Guide — Visit Bondi Beach
/bondi-blog/tag/travel+tips,tag,blog,no,200,84,0,0,0,WebSite,travel tips — Bondi Beach Local's Guide — Visit Bondi Beach
/bondi-blog/tag/bronte+christmas,tag,blog,no,200,98,0,0,0,WebSite,bronte christmas — Bondi Beach Local's Guide — Visit Bondi Beach
/bondi-blog/tag/travel+guide,tag,blog,no,200,352,0,0,0,WebSite,travel guide — Bondi Beach Local's Guide — Visit Bondi Beach
/bondi-blog/tag/coffee+in+bondi,tag,blog,no,200,89,0,0,0,WebSite,coffee in bondi — Bondi Beach Local's Guide — Visit Bondi Beach
/bondi-blog/tag/snorkel,tag,blog,no,200,76,0,0,0,WebSite,snorkel — Bondi Beach Local's Guide — Visit Bondi Beach
/bondi-blog/tag/restaurant,tag,blog,no,200,83,0,0,0,WebSite,restaurant — Bondi Beach Local's Guide — Visit Bondi Beach
/bondi-blog/tag/bondi+swim+race,tag,blog,no,200,102,0,0,0,WebSite,bondi swim race — Bondi Beach Local's Guide — Visit Bondi Beach
/bondi-blog/tag/vegan,tag,blog,no,200,74,0,0,0,WebSite,vegan — Bondi Beach Local's Guide — Visit Bondi Beach
/bondi-blog/tag/cheap,tag,blog,no,200,83,0,0,0,WebSite,cheap — Bondi Beach Local's Guide — Visit Bondi Beach
/bondi-blog/tag/sydney+marathon+family,tag,blog,no,200,85,0,0,0,WebSite,sydney marathon family — Bondi Beach Local's Guide — Visit Bondi Beach
/bondi-blog/tag/bronte+safety,tag,blog,no,200,80,0,0,0,WebSite,bronte safety — Bondi Beach Local's Guide — Visit Bondi Beach
/bondi-blog/tag/free+parking,tag,blog,no,200,84,0,0,0,WebSite,free parking — Bondi Beach Local's Guide — Visit Bondi Beach
/bondi-blog/tag/travel,tag,blog,no,200,190,0,0,0,WebSite,travel — Bondi Beach Local's Guide — Visit Bondi Beach
/bondi-blog/tag/bondi+to+bronte,tag,blog,no,200,133,0,0,0,WebSite,bondi to bronte — Bondi Beach Local's Guide — Visit Bondi Beach
/bondi-blog/tag/patrols,tag,blog,no,200,75,0,0,0,WebSite,patrols — Bondi Beach Local's Guide — Visit Bondi Beach
/bondi-blog/tag/daylight+saving,tag,blog,no,200,80,0,0,0,WebSite,daylight saving — Bondi Beach Local's Guide — Visit Bondi Beach
/bondi-blog/tag/el+nino,tag,blog,no,200,80,0,0,0,WebSite,el nino — Bondi Beach Local's Guide — Visit Bondi Beach
/bondi-blog/tag/ocean+swimming,tag,blog,no,200,153,0,0,0,WebSite,ocean swimming — Bondi Beach Local's Guide — Visit Bondi Beach
/bondi-blog/tag/booking,tag,blog,no,200,77,0,0,0,WebSite,booking — Bondi Beach Local's Guide — Visit Bondi Beach
/bondi-blog/tag/hostel,tag,blog,no,200,104,0,0,0,WebSite,hostel — Bondi Beach Local's Guide — Visit Bondi Beach
/bondi-blog/tag/bondi+travel,tag,blog,no,200,136,0,0,0,WebSite,bondi travel — Bondi Beach Local's Guide — Visit Bondi Beach
/bondi-blog/tag/sydney+marathon,tag,blog,no,200,214,0,0,0,WebSite,sydney marathon — Bondi Beach Local's Guide — Visit Bondi Beach
/bondi-blog/tag/hidden+gems,tag,blog,no,200,84,0,0,0,WebSite,hidden gems — Bondi Beach Local's Guide — Visit Bondi Beach
/bondi-blog/tag/housemate,tag,blog,no,200,79,0,0,0,WebSite,housemate — Bondi Beach Local's Guide — Visit Bondi Beach
/bondi-blog/tag/tours,tag,blog,no,200,81,0,0,0,WebSite,tours — Bondi Beach Local's Guide — Visit Bondi Beach
/bondi-blog/tag/airbnb,tag,blog,no,200,78,0,0,0,WebSite,airbnb — Bondi Beach Local's Guide — Visit Bondi Beach
/bondi-blog/tag/ice+cream,tag,blog,no,200,80,0,0,0,WebSite,ice cream — Bondi Beach Local's Guide — Visit Bondi Beach
/bondi-blog/tag/whale,tag,blog,no,200,81,0,0,0,WebSite,whale — Bondi Beach Local's Guide — Visit Bondi Beach
/bondi-blog/tag/bondi+beach,tag,blog,no,200,756,0,0,0,WebSite,bondi beach — Bondi Beach Local's Guide — Visit Bondi Beach
/bondi-blog/tag/lifeguards,tag,blog,no,200,107,0,0,0,WebSite,lifeguards — Bondi Beach Local's Guide — Visit Bondi Beach
/bondi-blog/tag/440+run+club,tag,blog,no,200,87,0,0,0,WebSite,440 run club — Bondi Beach Local's Guide — Visit Bondi Beach
/bondi-blog/tag/christmas+lights,tag,blog,no,200,79,0,0,0,WebSite,christmas lights — Bondi Beach Local's Guide — Visit Bondi Beach
/bondi-blog/tag/bondi+weather,tag,blog,no,200,79,0,0,0,WebSite,bondi weather — Bondi Beach Local's Guide — Visit Bondi Beach
/bondi-blog/tag/closure,tag,blog,no,200,70,0,0,0,WebSite,closure — Bondi Beach Local's Guide — Visit Bondi Beach
/bondi-blog/tag/bondi,tag,blog,no,200,675,0,0,0,WebSite,bondi — Bondi Beach Local's Guide — Visit Bondi Beach
/bondi-blog/tag/rain,tag,blog,no,200,117,0,0,0,WebSite,rain — Bondi Beach Local's Guide — Visit Bondi Beach
/bondi-blog/tag/acitivities,tag,blog,no,200,75,0,0,0,WebSite,acitivities — Bondi Beach Local's Guide — Visit Bondi Beach
/bondi-blog/tag/foodie,tag,blog,no,200,81,0,0,0,WebSite,foodie — Bondi Beach Local's Guide — Visit Bondi Beach
/bondi-blog/tag/Bondi+Icebergs,tag,blog,no,200,80,0,0,0,WebSite,Bondi Icebergs — Bondi Beach Local's Guide — Visit Bondi Beach
/bondi-blog/tag/christmas,tag,blog,no,200,120,0,0,0,WebSite,christmas — Bondi Beach Local's Guide — Visit Bondi Beach
/bondi-blog/tag/experiences,tag,blog,no,200,77,0,0,0,WebSite,experiences — Bondi Beach Local's Guide — Visit Bondi Beach
/bondi-blog/tag/coastal+walk,tag,blog,no,200,129,0,0,0,WebSite,coastal walk — Bondi Beach Local's Guide — Visit Bondi Beach
/bondi-blog/tag/bondi+local+loop,tag,blog,no,200,83,0,0,0,WebSite,bondi local loop — Bondi Beach Local's Guide — Visit Bondi Beach
/bondi-blog/tag/heartbreak+hill,tag,blog,no,200,96,0,0,0,WebSite,heartbreak hill — Bondi Beach Local's Guide — Visit Bondi Beach
/bondi-blog/tag/bondi+matcha,tag,blog,no,200,92,0,0,0,WebSite,bondi matcha — Bondi Beach Local's Guide — Visit Bondi Beach
/bondi-blog/tag/council,tag,blog,no,200,70,0,0,0,WebSite,council — Bondi Beach Local's Guide — Visit Bondi Beach
/bondi-blog/tag/cinnamon+scrolls+bondi,tag,blog,no,200,94,0,0,0,WebSite,cinnamon scrolls bondi — Bondi Beach Local's Guide — Visit Bondi Beach
/bondi-blog/tag/beginner+running+tips,tag,blog,no,200,98,0,0,0,WebSite,beginner running tips — Bondi Beach Local's Guide — Visit Bondi Beach
/bondi-blog/tag/orphan+christmas,tag,blog,no,200,93,0,0,0,WebSite,orphan christmas — Bondi Beach Local's Guide — Visit Bondi Beach
/bondi-blog/tag/winter,tag,blog,no,200,81,0,0,0,WebSite,winter — Bondi Beach Local's Guide — Visit Bondi Beach
/bondi-blog/tag/clovelly,tag,blog,no,200,79,0,0,0,WebSite,clovelly — Bondi Beach Local's Guide — Visit Bondi Beach
/bondi-blog/tag/best+coffee+in+bondi,tag,blog,no,200,91,0,0,0,WebSite,best coffee in bondi — Bondi Beach Local's Guide — Visit Bondi Beach
/bondi-blog/tag/recovery,tag,blog,no,200,86,0,0,0,WebSite,recovery — Bondi Beach Local's Guide — Visit Bondi Beach
/bondi-blog/tag/uber,tag,blog,no,200,84,0,0,0,WebSite,uber — Bondi Beach Local's Guide — Visit Bondi Beach
/bondi-blog/tag/bondi+junction,tag,blog,no,200,97,0,0,0,WebSite,bondi junction — Bondi Beach Local's Guide — Visit Bondi Beach
/bondi-blog/tag/bondi+guide,tag,blog,no,200,111,0,0,0,WebSite,bondi guide — Bondi Beach Local's Guide — Visit Bondi Beach
/bondi-blog/tag/running,tag,blog,no,200,156,0,0,0,WebSite,running — Bondi Beach Local's Guide — Visit Bondi Beach
/bondi-blog/tag/surf+lesson,tag,blog,no,200,88,0,0,0,WebSite,surf lesson — Bondi Beach Local's Guide — Visit Bondi Beach
/bondi-blog/tag/bondi+beach+festival,tag,blog,no,200,89,0,0,0,WebSite,bondi beach festival — Bondi Beach Local's Guide — Visit Bondi Beach
/bondi-blog/tag/waverley+park,tag,blog,no,200,85,0,0,0,WebSite,waverley park — Bondi Beach Local's Guide — Visit Bondi Beach
/bondi-blog/tag/playground,tag,blog,no,200,132,0,1,0,WebSite,playground — Bondi Beach Local's Guide — Visit Bondi Beach
/bondi-blog/tag/ranked,tag,blog,no,200,82,0,0,0,WebSite,ranked — Bondi Beach Local's Guide — Visit Bondi Beach
/bondi-blog/tag/coffee+shops,tag,blog,no,200,87,0,0,0,WebSite,coffee shops — Bondi Beach Local's Guide — Visit Bondi Beach
/bondi-blog/tag/training+for+bondi+to+bronte,tag,blog,no,200,106,0,0,0,WebSite,training for bondi to bronte — Bondi Beach Local's Guide — Visit Bondi Beach
/bondi-blog/tag/coogee,tag,blog,no,200,79,0,0,0,WebSite,coogee — Bondi Beach Local's Guide — Visit Bondi Beach
/bondi-blog/tag/sydney+running,tag,blog,no,200,96,0,0,0,WebSite,sydney running — Bondi Beach Local's Guide — Visit Bondi Beach
/bondi-blog/tag/sydney+marathon+recovery,tag,blog,no,200,90,0,0,0,WebSite,sydney marathon recovery — Bondi Beach Local's Guide — Visit Bondi Beach
/bondi-blog/tag/xmas,tag,blog,no,200,91,0,0,0,WebSite,xmas — Bondi Beach Local's Guide — Visit Bondi Beach
/bondi-blog/tag/transport,tag,blog,no,200,156,0,0,0,WebSite,transport — Bondi Beach Local's Guide — Visit Bondi Beach
/bondi-blog/tag/bondi+christmas,tag,blog,no,200,79,0,0,0,WebSite,bondi christmas — Bondi Beach Local's Guide — Visit Bondi Beach
/bondi-blog/tag/livestream,tag,blog,no,200,77,0,0,0,WebSite,livestream — Bondi Beach Local's Guide — Visit Bondi Beach
/bondi-blog/tag/whale+watching,tag,blog,no,200,83,0,0,0,WebSite,whale watching — Bondi Beach Local's Guide — Visit Bondi Beach
/bondi-blog/tag/activities,tag,blog,no,200,159,0,0,0,WebSite,activities — Bondi Beach Local's Guide — Visit Bondi Beach
/bondi-blog/tag/accommodation,tag,blog,no,200,138,0,0,0,WebSite,accommodation — Bondi Beach Local's Guide — Visit Bondi Beach
/bondi-blog/tag/beach+etiquette,tag,blog,no,200,76,0,0,0,WebSite,beach etiquette — Bondi Beach Local's Guide — Visit Bondi Beach
/bondi-blog/tag/backpacker+christmas,tag,blog,no,200,98,0,0,0,WebSite,backpacker christmas — Bondi Beach Local's Guide — Visit Bondi Beach
/bondi-blog/tag/nye,tag,blog,no,200,114,0,0,0,WebSite,nye — Bondi Beach Local's Guide — Visit Bondi Beach
/bondi-blog/tag/walk,tag,blog,no,200,109,0,0,0,WebSite,walk — Bondi Beach Local's Guide — Visit Bondi Beach
/bondi-blog/tag/sydney+marathon+shakeout,tag,blog,no,200,87,0,0,0,WebSite,sydney marathon shakeout — Bondi Beach Local's Guide — Visit Bondi Beach
/where-to-swim-at-bondi-beach,core-page,core,yes,200,929,849,41,0,WebSite,Where to Swim at Bondi Beach
/visit-bondi-beach,core-page,core,yes,200,273,89,0,0,WebSite,About Visit Bondi Beach — Visit Bondi Beach
/tours,core-page,core,yes,200,390,0,0,0,WebSite,Tours — Visit Bondi Beach
/accommodation,core-page,core,no,200,519,0,7,0,WebSite,Accommodation — Visit Bondi Beach
/adstxt,core-page,core,no,200,37,0,3,0,WebSite,Ads.Txt — Visit Bondi Beach
/bondi-icebergs,core-page,core,yes,200,0,0,18,0,Place,Bondi Icebergs: Ocean Pool Visitor Guide
/visit-bondi-beach-guide,core-page,core,no,200,1346,0,0,0,WebSite,Visitor’s Guide To Sydney’s Bondi Beach
/bondi-coastal-walk,hub,guide,yes,200,0,0,0,0,,The Bondi Coastal Walk & Eastern Beaches
/bondi-eat-and-drink,hub,guide,yes,200,0,0,0,0,,Where to Eat & Drink in Bondi
/bondi-rescue,hub,guide,yes,200,0,0,0,0,,Bondi Rescue: The Lifeguards & The Show
/bondi-weather,hub,guide,yes,200,0,0,0,0,,Bondi Beach Weather & Best Time to Visit
/bondi-with-kids,hub,guide,yes,200,0,0,0,0,,Bondi Beach With Kids: A Family Guide
/getting-to-bondi,hub,guide,yes,200,0,0,0,0,,Getting to Bondi Beach: Transport & Parking
/things-to-do-in-bondi,hub,guide,yes,200,0,0,0,0,,Things to Do in Bondi Beach
/bondi-blog/bondi-beach-toilets-showers-change-rooms,blog-post-legacy,blog,yes,200,0,0,0,0,WebSite|Article,"Bondi Beach Public Toilets, Showers & Changing Rooms"
/bondi-blog/best-wine-bars-in-bondi,blog-post-legacy,blog,yes,200,961,0,0,0,WebSite|Article,The Best Wine Bars in Bondi Beach: A Local Guide — Visit Bondi Beach
/bondi-blog/where-to-watch-sport-in-bondi,blog-post-legacy,blog,yes,200,1342,0,0,0,WebSite|Article,Where to Watch Live Sport in Bondi — Visit Bondi Beach
/bondi-beach,core-page,core,yes,200,0,0,0,0,Place,"Bondi Beach: Visitor Guide, Swimming, Parking & Getting There"
/north-bondi,core-page,core,yes,200,0,0,0,0,Place,"North Bondi: Beach, Swimming, Cafés & Parking Guide"
/tamarama-beach,core-page,core,yes,200,0,0,0,0,Place,"Tamarama Beach: Sydney’s Small, Wild Cove (Visitor Guide)"
/bronte-beach,core-page,core,yes,200,0,0,0,0,Place,"Bronte Beach: Ocean Pool, Park & Family Guide"
/ben-buckler,core-page,core,yes,200,0,0,0,0,Place,Ben Buckler: North Bondi’s Headland & Lookout
/bondi-pavilion,core-page,core,yes,200,0,0,0,0,Place,Bondi Pavilion: Bondi Beach’s Cultural Centre
/mackenzies-bay,core-page,core,yes,200,0,0,0,0,Place,Mackenzies Bay: Bondi’s Seasonal “Secret Beach”
/marks-park,core-page,core,yes,200,0,0,0,0,Place,Marks Park: Clifftop Views & Sculpture by the Sea
